INSERT INTO `lc_countries` (`id`, `status`, `name`, `domestic_name`, `iso_code_2`, `iso_code_3`, `address_format`, `postcode_required`, `currency_code`, `phone_code`, `date_updated`, `date_created`) VALUES
(1, 0, 'Afghanistan', '', 'AF', 'AFG', '%company\r\n%firstname %lastname\r\n%address1\r\n%address2\r\n%postcode %city\r\n%zone_name\r\n%country_name', 0, '', '', '0000-00-00 00:00:00', '0000-00-00 00:00:00'),
(2, 0, 'Albania', '', 'AL', 'ALB', '%company\r\n%firstname %lastname\r\n%address1\r\n%address2\r\n%postcode %city\r\n%zone_name\r\n%country_name', 0, '', '', '0000-00-00 00:00:00', '0000-00-00 00:00:00'),
(3, 0, 'Algeria', '', 'DZ', 'DZA', '%company\r\n%firstname %lastname\r\n%address1\r\n%address2\r\n%postcode %city\r\n%zone_name\r\n%country_name', 0, '', '', '0000-00-00 00:00:00', '0000-00-00 00:00:00'),
(4, 0, 'American Samoa', '', 'AS', 'ASM', '%company\r\n%firstname %lastname\r\n%address1\r\n%address2\r\n%postcode %city\r\n%zone_name\r\n%country_name', 0, '', '', '0000-00-00 00:00:00', '0000-00-00 00:00:00'),
(5, 0, 'Andorra', '', 'AD', 'AND', '%company\r\n%firstname %lastname\r\n%address1\r\n%address2\r\n%postcode %city\r\n%zone_name\r\n%country_name', 0, '', '', '0000-00-00 00:00:00', '0000-00-00 00:00:00'),
(6, 0, 'Angola', '', 'AO', 'AGO', '%company\r\n%firstname %lastname\r\n%address1\r\n%address2\r\n%postcode %city\r\n%zone_name\r\n%country_name', 0, '', '', '0000-00-00 00:00:00', '0000-00-00 00:00:00'),
(7, 0, 'Anguilla', '', 'AI', 'AIA', '%company\r\n%firstname %lastname\r\n%address1\r\n%address2\r\n%postcode %city\r\n%zone_name\r\n%country_name', 0, '', '', '0000-00-00 00:00:00', '0000-00-00 00:00:00'),
(8, 0, 'Antarctica', '', 'AQ', 'ATA', '%company\r\n%firstname %lastname\r\n%address1\r\n%address2\r\n%postcode %city\r\n%zone_name\r\n%country_name', 0, '', '', '0000-00-00 00:00:00', '0000-00-00 00:00:00'),
(9, 0, 'Antigua and Barbuda', '', 'AG', 'ATG', '%company\r\n%firstname %lastname\r\n%address1\r\n%address2\r\n%postcode %city\r\n%zone_name\r\n%country_name', 0, '', '', '0000-00-00 00:00:00', '0000-00-00 00:00:00'),
(10, 0, 'Argentina', '', 'AR', 'ARG', '%company\r\n%firstname %lastname\r\n%address1\r\n%address2\r\n%postcode %city\r\n%zone_name\r\n%country_name', 0, '', '', '0000-00-00 00:00:00', '0000-00-00 00:00:00'),
(11, 0, 'Armenia', '', 'AM', 'ARM', '%company\r\n%firstname %lastname\r\n%address1\r\n%address2\r\n%postcode %city\r\n%zone_name\r\n%country_name', 0, '', '', '0000-00-00 00:00:00', '0000-00-00 00:00:00'),
(12, 0, 'Aruba', '', 'AW', 'ABW', '%company\r\n%firstname %lastname\r\n%address1\r\n%address2\r\n%postcode %city\r\n%zone_name\r\n%country_name', 0, '', '', '0000-00-00 00:00:00', '0000-00-00 00:00:00'),
(13, 1, 'Australia', '', 'AU', 'AUS', '%company\r\n%firstname %lastname\r\n%address1\r\n%address2\r\n%postcode %city\r\n%zone_name\r\n%country_name', 0, '', '', '0000-00-00 00:00:00', '0000-00-00 00:00:00'),
(14, 0, 'Austria', '', 'AT', 'AUT', '%company\r\n%firstname %lastname\r\n%address1\r\n%address2\r\n%postcode %city\r\n%zone_name\r\n%country_name', 0, '', '', '0000-00-00 00:00:00', '0000-00-00 00:00:00'),
(15, 0, 'Azerbaijan', '', 'AZ', 'AZE', '%company\r\n%firstname %lastname\r\n%address1\r\n%address2\r\n%postcode %city\r\n%zone_name\r\n%country_name', 0, '', '', '0000-00-00 00:00:00', '0000-00-00 00:00:00'),
(16, 0, 'Bahamas', '', 'BS', 'BHS', '%company\r\n%firstname %lastname\r\n%address1\r\n%address2\r\n%postcode %city\r\n%zone_name\r\n%country_name', 0, '', '', '0000-00-00 00:00:00', '0000-00-00 00:00:00'),
(17, 0, 'Bahrain', '', 'BH', 'BHR', '%company\r\n%firstname %lastname\r\n%address1\r\n%address2\r\n%postcode %city\r\n%zone_name\r\n%country_name', 0, '', '', '0000-00-00 00:00:00', '0000-00-00 00:00:00'),
(18, 0, 'Bangladesh', '', 'BD', 'BGD', '%company\r\n%firstname %lastname\r\n%address1\r\n%address2\r\n%postcode %city\r\n%zone_name\r\n%country_name', 0, '', '', '0000-00-00 00:00:00', '0000-00-00 00:00:00'),
(19, 0, 'Barbados', '', 'BB', 'BRB', '%company\r\n%firstname %lastname\r\n%address1\r\n%address2\r\n%postcode %city\r\n%zone_name\r\n%country_name', 0, '', '', '0000-00-00 00:00:00', '0000-00-00 00:00:00'),
(20, 0, 'Belarus', '', 'BY', 'BLR', '%company\r\n%firstname %lastname\r\n%address1\r\n%address2\r\n%postcode %city\r\n%zone_name\r\n%country_name', 0, '', '', '0000-00-00 00:00:00', '0000-00-00 00:00:00'),
(21, 1, 'Belgium', '', 'BE', 'BEL', '%company\r\n%firstname %lastname\r\n%address1\r\n%address2\r\n%postcode %city\r\n%zone_name\r\n%country_name', 0, '', '', '0000-00-00 00:00:00', '0000-00-00 00:00:00'),
(22, 0, 'Belize', '', 'BZ', 'BLZ', '%company\r\n%firstname %lastname\r\n%address1\r\n%address2\r\n%postcode %city\r\n%zone_name\r\n%country_name', 0, '', '', '0000-00-00 00:00:00', '0000-00-00 00:00:00'),
(23, 0, 'Benin', '', 'BJ', 'BEN', '%company\r\n%firstname %lastname\r\n%address1\r\n%address2\r\n%postcode %city\r\n%zone_name\r\n%country_name', 0, '', '', '0000-00-00 00:00:00', '0000-00-00 00:00:00'),
(24, 0, 'Bermuda', '', 'BM', 'BMU', '%company\r\n%firstname %lastname\r\n%address1\r\n%address2\r\n%postcode %city\r\n%zone_name\r\n%country_name', 0, '', '', '0000-00-00 00:00:00', '0000-00-00 00:00:00'),
(25, 0, 'Bhutan', '', 'BT', 'BTN', '%company\r\n%firstname %lastname\r\n%address1\r\n%address2\r\n%postcode %city\r\n%zone_name\r\n%country_name', 0, '', '', '0000-00-00 00:00:00', '0000-00-00 00:00:00'),
(26, 0, 'Bolivia', '', 'BO', 'BOL', '%company\r\n%firstname %lastname\r\n%address1\r\n%address2\r\n%postcode %city\r\n%zone_name\r\n%country_name', 0, '', '', '0000-00-00 00:00:00', '0000-00-00 00:00:00'),
(27, 0, 'Bosnia and Herzegowina', '', 'BA', 'BIH', '%company\r\n%firstname %lastname\r\n%address1\r\n%address2\r\n%postcode %city\r\n%zone_name\r\n%country_name', 0, '', '', '0000-00-00 00:00:00', '0000-00-00 00:00:00'),
(28, 0, 'Botswana', '', 'BW', 'BWA', '%company\r\n%firstname %lastname\r\n%address1\r\n%address2\r\n%postcode %city\r\n%zone_name\r\n%country_name', 0, '', '', '0000-00-00 00:00:00', '0000-00-00 00:00:00'),
(29, 0, 'Bouvet Island', '', 'BV', 'BVT', '%company\r\n%firstname %lastname\r\n%address1\r\n%address2\r\n%postcode %city\r\n%zone_name\r\n%country_name', 0, '', '', '0000-00-00 00:00:00', '0000-00-00 00:00:00'),
(30, 0, 'Brazil', '', 'BR', 'BRA', '%company\r\n%firstname %lastname\r\n%address1\r\n%address2\r\n%postcode %city\r\n%zone_name\r\n%country_name', 0, '', '', '0000-00-00 00:00:00', '0000-00-00 00:00:00'),
(31, 0, 'British Indian Ocean Territory', '', 'IO', 'IOT', '%company\r\n%firstname %lastname\r\n%address1\r\n%address2\r\n%postcode %city\r\n%zone_name\r\n%country_name', 0, '', '', '0000-00-00 00:00:00', '0000-00-00 00:00:00'),
(32, 0, 'Brunei Darussalam', '', 'BN', 'BRN', '%company\r\n%firstname %lastname\r\n%address1\r\n%address2\r\n%postcode %city\r\n%zone_name\r\n%country_name', 0, '', '', '0000-00-00 00:00:00', '0000-00-00 00:00:00'),
(33, 0, 'Bulgaria', '', 'BG', 'BGR', '%company\r\n%firstname %lastname\r\n%address1\r\n%address2\r\n%postcode %city\r\n%zone_name\r\n%country_name', 0, '', '', '0000-00-00 00:00:00', '0000-00-00 00:00:00'),
(34, 0, 'Burkina Faso', '', 'BF', 'BFA', '%company\r\n%firstname %lastname\r\n%address1\r\n%address2\r\n%postcode %city\r\n%zone_name\r\n%country_name', 0, '', '', '0000-00-00 00:00:00', '0000-00-00 00:00:00'),
(35, 0, 'Burundi', '', 'BI', 'BDI', '%company\r\n%firstname %lastname\r\n%address1\r\n%address2\r\n%postcode %city\r\n%zone_name\r\n%country_name', 0, '', '', '0000-00-00 00:00:00', '0000-00-00 00:00:00'),
(36, 0, 'Cambodia', '', 'KH', 'KHM', '%company\r\n%firstname %lastname\r\n%address1\r\n%address2\r\n%postcode %city\r\n%zone_name\r\n%country_name', 0, '', '', '0000-00-00 00:00:00', '0000-00-00 00:00:00'),
(37, 0, 'Cameroon', '', 'CM', 'CMR', '%company\r\n%firstname %lastname\r\n%address1\r\n%address2\r\n%postcode %city\r\n%zone_name\r\n%country_name', 0, '', '', '0000-00-00 00:00:00', '0000-00-00 00:00:00'),
(38, 0, 'Canada', '', 'CA', 'CAN', '%company\r\n%firstname %lastname\r\n%address1\r\n%address2\r\n%postcode %city\r\n%zone_name\r\n%country_name', 0, '', '', '0000-00-00 00:00:00', '0000-00-00 00:00:00'),
(39, 0, 'Cape Verde', '', 'CV', 'CPV', '%company\r\n%firstname %lastname\r\n%address1\r\n%address2\r\n%postcode %city\r\n%zone_name\r\n%country_name', 0, '', '', '0000-00-00 00:00:00', '0000-00-00 00:00:00'),
(40, 0, 'Cayman Islands', '', 'KY', 'CYM', '%company\r\n%firstname %lastname\r\n%address1\r\n%address2\r\n%postcode %city\r\n%zone_name\r\n%country_name', 0, '', '', '0000-00-00 00:00:00', '0000-00-00 00:00:00'),
(41, 0, 'Central African Republic', '', 'CF', 'CAF', '%company\r\n%firstname %lastname\r\n%address1\r\n%address2\r\n%postcode %city\r\n%zone_name\r\n%country_name', 0, '', '', '0000-00-00 00:00:00', '0000-00-00 00:00:00'),
(42, 0, 'Chad', '', 'TD', 'TCD', '%company\r\n%firstname %lastname\r\n%address1\r\n%address2\r\n%postcode %city\r\n%zone_name\r\n%country_name', 0, '', '', '0000-00-00 00:00:00', '0000-00-00 00:00:00'),
(43, 0, 'Chile', '', 'CL', 'CHL', '%company\r\n%firstname %lastname\r\n%address1\r\n%address2\r\n%postcode %city\r\n%zone_name\r\n%country_name', 0, '', '', '0000-00-00 00:00:00', '0000-00-00 00:00:00'),
(44, 0, 'China', '', 'CN', 'CHN', '%company\r\n%firstname %lastname\r\n%address1\r\n%address2\r\n%postcode %city\r\n%zone_name\r\n%country_name', 0, '', '', '0000-00-00 00:00:00', '0000-00-00 00:00:00'),
(45, 0, 'Christmas Island', '', 'CX', 'CXR', '%company\r\n%firstname %lastname\r\n%address1\r\n%address2\r\n%postcode %city\r\n%zone_name\r\n%country_name', 0, '', '', '0000-00-00 00:00:00', '0000-00-00 00:00:00'),
(46, 0, 'Cocos (Keeling) Islands', '', 'CC', 'CCK', '%company\r\n%firstname %lastname\r\n%address1\r\n%address2\r\n%postcode %city\r\n%zone_name\r\n%country_name', 0, '', '', '0000-00-00 00:00:00', '0000-00-00 00:00:00'),
(47, 0, 'Colombia', '', 'CO', 'COL', '%company\r\n%firstname %lastname\r\n%address1\r\n%address2\r\n%postcode %city\r\n%zone_name\r\n%country_name', 0, '', '', '0000-00-00 00:00:00', '0000-00-00 00:00:00'),
(48, 0, 'Comoros', '', 'KM', 'COM', '%company\r\n%firstname %lastname\r\n%address1\r\n%address2\r\n%postcode %city\r\n%zone_name\r\n%country_name', 0, '', '', '0000-00-00 00:00:00', '0000-00-00 00:00:00'),
(49, 0, 'Congo', '', 'CG', 'COG', '%company\r\n%firstname %lastname\r\n%address1\r\n%address2\r\n%postcode %city\r\n%zone_name\r\n%country_name', 0, '', '', '0000-00-00 00:00:00', '0000-00-00 00:00:00'),
(50, 0, 'Cook Islands', '', 'CK', 'COK', '%company\r\n%firstname %lastname\r\n%address1\r\n%address2\r\n%postcode %city\r\n%zone_name\r\n%country_name', 0, '', '', '0000-00-00 00:00:00', '0000-00-00 00:00:00'),
(51, 0, 'Costa Rica', '', 'CR', 'CRI', '%company\r\n%firstname %lastname\r\n%address1\r\n%address2\r\n%postcode %city\r\n%zone_name\r\n%country_name', 0, '', '', '0000-00-00 00:00:00', '0000-00-00 00:00:00'),
(52, 0, 'Cote D''Ivoire', '', 'CI', 'CIV', '%company\r\n%firstname %lastname\r\n%address1\r\n%address2\r\n%postcode %city\r\n%zone_name\r\n%country_name', 0, '', '', '0000-00-00 00:00:00', '0000-00-00 00:00:00'),
(53, 0, 'Croatia', '', 'HR', 'HRV', '%company\r\n%firstname %lastname\r\n%address1\r\n%address2\r\n%postcode %city\r\n%zone_name\r\n%country_name', 0, '', '', '0000-00-00 00:00:00', '0000-00-00 00:00:00'),
(54, 0, 'Cuba', '', 'CU', 'CUB', '%company\r\n%firstname %lastname\r\n%address1\r\n%address2\r\n%postcode %city\r\n%zone_name\r\n%country_name', 0, '', '', '0000-00-00 00:00:00', '0000-00-00 00:00:00'),
(55, 0, 'Cyprus', '', 'CY', 'CYP', '%company\r\n%firstname %lastname\r\n%address1\r\n%address2\r\n%postcode %city\r\n%zone_name\r\n%country_name', 0, '', '', '0000-00-00 00:00:00', '0000-00-00 00:00:00'),
(56, 0, 'Czech Republic', '', 'CZ', 'CZE', '%company\r\n%firstname %lastname\r\n%address1\r\n%address2\r\n%postcode %city\r\n%zone_name\r\n%country_name', 0, '', '', '0000-00-00 00:00:00', '0000-00-00 00:00:00'),
(57, 1, 'Denmark', '', 'DK', 'DNK', '%company\r\n%firstname %lastname\r\n%address1\r\n%address2\r\n%postcode %city\r\n%zone_name\r\n%country_name', 0, '', '', '0000-00-00 00:00:00', '0000-00-00 00:00:00'),
(58, 0, 'Djibouti', '', 'DJ', 'DJI', '%company\r\n%firstname %lastname\r\n%address1\r\n%address2\r\n%postcode %city\r\n%zone_name\r\n%country_name', 0, '', '', '0000-00-00 00:00:00', '0000-00-00 00:00:00'),
(59, 0, 'Dominica', '', 'DM', 'DMA', '%company\r\n%firstname %lastname\r\n%address1\r\n%address2\r\n%postcode %city\r\n%zone_name\r\n%country_name', 0, '', '', '0000-00-00 00:00:00', '0000-00-00 00:00:00'),
(60, 0, 'Dominican Republic', '', 'DO', 'DOM', '%company\r\n%firstname %lastname\r\n%address1\r\n%address2\r\n%postcode %city\r\n%zone_name\r\n%country_name', 0, '', '', '0000-00-00 00:00:00', '0000-00-00 00:00:00'),
(61, 0, 'East Timor', '', 'TP', 'TMP', '%company\r\n%firstname %lastname\r\n%address1\r\n%address2\r\n%postcode %city\r\n%zone_name\r\n%country_name', 0, '', '', '0000-00-00 00:00:00', '0000-00-00 00:00:00'),
(62, 0, 'Ecuador', '', 'EC', 'ECU', '%company\r\n%firstname %lastname\r\n%address1\r\n%address2\r\n%postcode %city\r\n%zone_name\r\n%country_name', 0, '', '', '0000-00-00 00:00:00', '0000-00-00 00:00:00'),
(63, 0, 'Egypt', '', 'EG', 'EGY', '%company\r\n%firstname %lastname\r\n%address1\r\n%address2\r\n%postcode %city\r\n%zone_name\r\n%country_name', 0, '', '', '0000-00-00 00:00:00', '0000-00-00 00:00:00'),
(64, 0, 'El Salvador', '', 'SV', 'SLV', '%company\r\n%firstname %lastname\r\n%address1\r\n%address2\r\n%postcode %city\r\n%zone_name\r\n%country_name', 0, '', '', '0000-00-00 00:00:00', '0000-00-00 00:00:00'),
(65, 0, 'Equatorial Guinea', '', 'GQ', 'GNQ', '%company\r\n%firstname %lastname\r\n%address1\r\n%address2\r\n%postcode %city\r\n%zone_name\r\n%country_name', 0, '', '', '0000-00-00 00:00:00', '0000-00-00 00:00:00'),
(66, 0, 'Eritrea', '', 'ER', 'ERI', '%company\r\n%firstname %lastname\r\n%address1\r\n%address2\r\n%postcode %city\r\n%zone_name\r\n%country_name', 0, '', '', '0000-00-00 00:00:00', '0000-00-00 00:00:00'),
(67, 0, 'Estonia', '', 'EE', 'EST', '%company\r\n%firstname %lastname\r\n%address1\r\n%address2\r\n%postcode %city\r\n%zone_name\r\n%country_name', 0, '', '', '0000-00-00 00:00:00', '0000-00-00 00:00:00'),
(68, 0, 'Ethiopia', '', 'ET', 'ETH', '%company\r\n%firstname %lastname\r\n%address1\r\n%address2\r\n%postcode %city\r\n%zone_name\r\n%country_name', 0, '', '', '0000-00-00 00:00:00', '0000-00-00 00:00:00'),
(69, 0, 'Falkland Islands (Malvinas)', '', 'FK', 'FLK', '%company\r\n%firstname %lastname\r\n%address1\r\n%address2\r\n%postcode %city\r\n%zone_name\r\n%country_name', 0, '', '', '0000-00-00 00:00:00', '0000-00-00 00:00:00'),
(70, 0, 'Faroe Islands', '', 'FO', 'FRO', '%company\r\n%firstname %lastname\r\n%address1\r\n%address2\r\n%postcode %city\r\n%zone_name\r\n%country_name', 0, '', '', '0000-00-00 00:00:00', '0000-00-00 00:00:00'),
(71, 0, 'Fiji', '', 'FJ', 'FJI', '%company\r\n%firstname %lastname\r\n%address1\r\n%address2\r\n%postcode %city\r\n%zone_name\r\n%country_name', 0, '', '', '0000-00-00 00:00:00', '0000-00-00 00:00:00'),
(72, 1, 'Finland', '', 'FI', 'FIN', '%company\r\n%firstname %lastname\r\n%address1\r\n%address2\r\n%postcode %city\r\n%zone_name\r\n%country_name', 0, '', '', '0000-00-00 00:00:00', '0000-00-00 00:00:00'),
(73, 1, 'France', '', 'FR', 'FRA', '%company\r\n%firstname %lastname\r\n%address1\r\n%address2\r\n%postcode %city\r\n%zone_name\r\n%country_name', 0, '', '', '0000-00-00 00:00:00', '0000-00-00 00:00:00'),
(74, 0, 'France, Metropolitan', '', 'FX', 'FXX', '%company\r\n%firstname %lastname\r\n%address1\r\n%address2\r\n%postcode %city\r\n%zone_name\r\n%country_name', 0, '', '', '0000-00-00 00:00:00', '0000-00-00 00:00:00'),
(75, 0, 'French Guiana', '', 'GF', 'GUF', '%company\r\n%firstname %lastname\r\n%address1\r\n%address2\r\n%postcode %city\r\n%zone_name\r\n%country_name', 0, '', '', '0000-00-00 00:00:00', '0000-00-00 00:00:00'),
(76, 0, 'French Polynesia', '', 'PF', 'PYF', '%company\r\n%firstname %lastname\r\n%address1\r\n%address2\r\n%postcode %city\r\n%zone_name\r\n%country_name', 0, '', '', '0000-00-00 00:00:00', '0000-00-00 00:00:00'),
(77, 0, 'French Southern Territories', '', 'TF', 'ATF', '%company\r\n%firstname %lastname\r\n%address1\r\n%address2\r\n%postcode %city\r\n%zone_name\r\n%country_name', 0, '', '', '0000-00-00 00:00:00', '0000-00-00 00:00:00'),
(78, 0, 'Gabon', '', 'GA', 'GAB', '%company\r\n%firstname %lastname\r\n%address1\r\n%address2\r\n%postcode %city\r\n%zone_name\r\n%country_name', 0, '', '', '0000-00-00 00:00:00', '0000-00-00 00:00:00'),
(79, 0, 'Gambia', '', 'GM', 'GMB', '%company\r\n%firstname %lastname\r\n%address1\r\n%address2\r\n%postcode %city\r\n%zone_name\r\n%country_name', 0, '', '', '0000-00-00 00:00:00', '0000-00-00 00:00:00'),
(80, 0, 'Georgia', '', 'GE', 'GEO', '%company\r\n%firstname %lastname\r\n%address1\r\n%address2\r\n%postcode %city\r\n%zone_name\r\n%country_name', 0, '', '', '0000-00-00 00:00:00', '0000-00-00 00:00:00'),
(81, 1, 'Germany', '', 'DE', 'DEU', '%company\r\n%firstname %lastname\r\n%address1\r\n%address2\r\n%postcode %city\r\n%zone_name\r\n%country_name', 0, '', '', '0000-00-00 00:00:00', '0000-00-00 00:00:00'),
(82, 0, 'Ghana', '', 'GH', 'GHA', '%company\r\n%firstname %lastname\r\n%address1\r\n%address2\r\n%postcode %city\r\n%zone_name\r\n%country_name', 0, '', '', '0000-00-00 00:00:00', '0000-00-00 00:00:00'),
(83, 0, 'Gibraltar', '', 'GI', 'GIB', '%company\r\n%firstname %lastname\r\n%address1\r\n%address2\r\n%postcode %city\r\n%zone_name\r\n%country_name', 0, '', '', '0000-00-00 00:00:00', '0000-00-00 00:00:00'),
(84, 0, 'Greece', '', 'GR', 'GRC', '%company\r\n%firstname %lastname\r\n%address1\r\n%address2\r\n%postcode %city\r\n%zone_name\r\n%country_name', 0, '', '', '0000-00-00 00:00:00', '0000-00-00 00:00:00'),
(85, 0, 'Greenland', '', 'GL', 'GRL', '%company\r\n%firstname %lastname\r\n%address1\r\n%address2\r\n%postcode %city\r\n%zone_name\r\n%country_name', 0, '', '', '0000-00-00 00:00:00', '0000-00-00 00:00:00'),
(86, 0, 'Grenada', '', 'GD', 'GRD', '%company\r\n%firstname %lastname\r\n%address1\r\n%address2\r\n%postcode %city\r\n%zone_name\r\n%country_name', 0, '', '', '0000-00-00 00:00:00', '0000-00-00 00:00:00'),
(87, 0, 'Guadeloupe', '', 'GP', 'GLP', '%company\r\n%firstname %lastname\r\n%address1\r\n%address2\r\n%postcode %city\r\n%zone_name\r\n%country_name', 0, '', '', '0000-00-00 00:00:00', '0000-00-00 00:00:00'),
(88, 0, 'Guam', '', 'GU', 'GUM', '%company\r\n%firstname %lastname\r\n%address1\r\n%address2\r\n%postcode %city\r\n%zone_name\r\n%country_name', 0, '', '', '0000-00-00 00:00:00', '0000-00-00 00:00:00'),
(89, 0, 'Guatemala', '', 'GT', 'GTM', '%company\r\n%firstname %lastname\r\n%address1\r\n%address2\r\n%postcode %city\r\n%zone_name\r\n%country_name', 0, '', '', '0000-00-00 00:00:00', '0000-00-00 00:00:00'),
(90, 0, 'Guinea', '', 'GN', 'GIN', '%company\r\n%firstname %lastname\r\n%address1\r\n%address2\r\n%postcode %city\r\n%zone_name\r\n%country_name', 0, '', '', '0000-00-00 00:00:00', '0000-00-00 00:00:00'),
(91, 0, 'Guinea-bissau', '', 'GW', 'GNB', '%company\r\n%firstname %lastname\r\n%address1\r\n%address2\r\n%postcode %city\r\n%zone_name\r\n%country_name', 0, '', '', '0000-00-00 00:00:00', '0000-00-00 00:00:00'),
(92, 0, 'Guyana', '', 'GY', 'GUY', '%company\r\n%firstname %lastname\r\n%address1\r\n%address2\r\n%postcode %city\r\n%zone_name\r\n%country_name', 0, '', '', '0000-00-00 00:00:00', '0000-00-00 00:00:00'),
(93, 0, 'Haiti', '', 'HT', 'HTI', '%company\r\n%firstname %lastname\r\n%address1\r\n%address2\r\n%postcode %city\r\n%zone_name\r\n%country_name', 0, '', '', '0000-00-00 00:00:00', '0000-00-00 00:00:00'),
(94, 0, 'Heard and Mc Donald Islands', '', 'HM', 'HMD', '%company\r\n%firstname %lastname\r\n%address1\r\n%address2\r\n%postcode %city\r\n%zone_name\r\n%country_name', 0, '', '', '0000-00-00 00:00:00', '0000-00-00 00:00:00'),
(95, 0, 'Honduras', '', 'HN', 'HND', '%company\r\n%firstname %lastname\r\n%address1\r\n%address2\r\n%postcode %city\r\n%zone_name\r\n%country_name', 0, '', '', '0000-00-00 00:00:00', '0000-00-00 00:00:00'),
(96, 0, 'Hong Kong', '', 'HK', 'HKG', '%company\r\n%firstname %lastname\r\n%address1\r\n%address2\r\n%postcode %city\r\n%zone_name\r\n%country_name', 0, '', '', '0000-00-00 00:00:00', '0000-00-00 00:00:00'),
(97, 0, 'Hungary', '', 'HU', 'HUN', '%company\r\n%firstname %lastname\r\n%address1\r\n%address2\r\n%postcode %city\r\n%zone_name\r\n%country_name', 0, '', '', '0000-00-00 00:00:00', '0000-00-00 00:00:00'),
(98, 0, 'Iceland', '', 'IS', 'ISL', '%company\r\n%firstname %lastname\r\n%address1\r\n%address2\r\n%postcode %city\r\n%zone_name\r\n%country_name', 0, '', '', '0000-00-00 00:00:00', '0000-00-00 00:00:00'),
(99, 0, 'India', '', 'IN', 'IND', '%company\r\n%firstname %lastname\r\n%address1\r\n%address2\r\n%postcode %city\r\n%zone_name\r\n%country_name', 0, '', '', '0000-00-00 00:00:00', '0000-00-00 00:00:00'),
(100, 0, 'Indonesia', '', 'ID', 'IDN', '%company\r\n%firstname %lastname\r\n%address1\r\n%address2\r\n%postcode %city\r\n%zone_name\r\n%country_name', 0, '', '', '0000-00-00 00:00:00', '0000-00-00 00:00:00'),
(101, 0, 'Iran (Islamic Republic of)', '', 'IR', 'IRN', '%company\r\n%firstname %lastname\r\n%address1\r\n%address2\r\n%postcode %city\r\n%zone_name\r\n%country_name', 0, '', '', '0000-00-00 00:00:00', '0000-00-00 00:00:00'),
(102, 0, 'Iraq', '', 'IQ', 'IRQ', '%company\r\n%firstname %lastname\r\n%address1\r\n%address2\r\n%postcode %city\r\n%zone_name\r\n%country_name', 0, '', '', '0000-00-00 00:00:00', '0000-00-00 00:00:00'),
(103, 0, 'Ireland', '', 'IE', 'IRL', '%company\r\n%firstname %lastname\r\n%address1\r\n%address2\r\n%postcode %city\r\n%zone_name\r\n%country_name', 0, '', '', '0000-00-00 00:00:00', '0000-00-00 00:00:00'),
(104, 0, 'Israel', '', 'IL', 'ISR', '%company\r\n%firstname %lastname\r\n%address1\r\n%address2\r\n%postcode %city\r\n%zone_name\r\n%country_name', 0, '', '', '0000-00-00 00:00:00', '0000-00-00 00:00:00'),
(105, 0, 'Italy', '', 'IT', 'ITA', '%company\r\n%firstname %lastname\r\n%address1\r\n%address2\r\n%postcode %city\r\n%zone_name\r\n%country_name', 0, '', '', '0000-00-00 00:00:00', '0000-00-00 00:00:00'),
(106, 0, 'Jamaica', '', 'JM', 'JAM', '%company\r\n%firstname %lastname\r\n%address1\r\n%address2\r\n%postcode %city\r\n%zone_name\r\n%country_name', 0, '', '', '0000-00-00 00:00:00', '0000-00-00 00:00:00'),
(107, 0, 'Japan', '', 'JP', 'JPN', '%company\r\n%firstname %lastname\r\n%address1\r\n%address2\r\n%postcode %city\r\n%zone_name\r\n%country_name', 0, '', '', '0000-00-00 00:00:00', '0000-00-00 00:00:00'),
(108, 0, 'Jordan', '', 'JO', 'JOR', '%company\r\n%firstname %lastname\r\n%address1\r\n%address2\r\n%postcode %city\r\n%zone_name\r\n%country_name', 0, '', '', '0000-00-00 00:00:00', '0000-00-00 00:00:00'),
(109, 0, 'Kazakhstan', '', 'KZ', 'KAZ', '%company\r\n%firstname %lastname\r\n%address1\r\n%address2\r\n%postcode %city\r\n%zone_name\r\n%country_name', 0, '', '', '0000-00-00 00:00:00', '0000-00-00 00:00:00'),
(110, 0, 'Kenya', '', 'KE', 'KEN', '%company\r\n%firstname %lastname\r\n%address1\r\n%address2\r\n%postcode %city\r\n%zone_name\r\n%country_name', 0, '', '', '0000-00-00 00:00:00', '0000-00-00 00:00:00'),
(111, 0, 'Kiribati', '', 'KI', 'KIR', '%company\r\n%firstname %lastname\r\n%address1\r\n%address2\r\n%postcode %city\r\n%zone_name\r\n%country_name', 0, '', '', '0000-00-00 00:00:00', '0000-00-00 00:00:00'),
(112, 0, 'North Korea', '', 'KP', 'PRK', '%company\r\n%firstname %lastname\r\n%address1\r\n%address2\r\n%postcode %city\r\n%zone_name\r\n%country_name', 0, '', '', '0000-00-00 00:00:00', '0000-00-00 00:00:00'),
(113, 0, 'Korea, Republic of', '', 'KR', 'KOR', '%company\r\n%firstname %lastname\r\n%address1\r\n%address2\r\n%postcode %city\r\n%zone_name\r\n%country_name', 0, '', '', '0000-00-00 00:00:00', '0000-00-00 00:00:00'),
(114, 0, 'Kuwait', '', 'KW', 'KWT', '%company\r\n%firstname %lastname\r\n%address1\r\n%address2\r\n%postcode %city\r\n%zone_name\r\n%country_name', 0, '', '', '0000-00-00 00:00:00', '0000-00-00 00:00:00'),
(115, 0, 'Kyrgyzstan', '', 'KG', 'KGZ', '%company\r\n%firstname %lastname\r\n%address1\r\n%address2\r\n%postcode %city\r\n%zone_name\r\n%country_name', 0, '', '', '0000-00-00 00:00:00', '0000-00-00 00:00:00'),
(116, 0, 'Lao People''s Democratic Republic', '', 'LA', 'LAO', '%company\r\n%firstname %lastname\r\n%address1\r\n%address2\r\n%postcode %city\r\n%zone_name\r\n%country_name', 0, '', '', '0000-00-00 00:00:00', '0000-00-00 00:00:00'),
(117, 0, 'Latvia', '', 'LV', 'LVA', '%company\r\n%firstname %lastname\r\n%address1\r\n%address2\r\n%postcode %city\r\n%zone_name\r\n%country_name', 0, '', '', '0000-00-00 00:00:00', '0000-00-00 00:00:00'),
(118, 0, 'Lebanon', '', 'LB', 'LBN', '%company\r\n%firstname %lastname\r\n%address1\r\n%address2\r\n%postcode %city\r\n%zone_name\r\n%country_name', 0, '', '', '0000-00-00 00:00:00', '0000-00-00 00:00:00'),
(119, 0, 'Lesotho', '', 'LS', 'LSO', '%company\r\n%firstname %lastname\r\n%address1\r\n%address2\r\n%postcode %city\r\n%zone_name\r\n%country_name', 0, '', '', '0000-00-00 00:00:00', '0000-00-00 00:00:00'),
(120, 0, 'Liberia', '', 'LR', 'LBR', '%company\r\n%firstname %lastname\r\n%address1\r\n%address2\r\n%postcode %city\r\n%zone_name\r\n%country_name', 0, '', '', '0000-00-00 00:00:00', '0000-00-00 00:00:00'),
(121, 0, 'Libyan Arab Jamahiriya', '', 'LY', 'LBY', '%company\r\n%firstname %lastname\r\n%address1\r\n%address2\r\n%postcode %city\r\n%zone_name\r\n%country_name', 0, '', '', '0000-00-00 00:00:00', '0000-00-00 00:00:00'),
(122, 0, 'Liechtenstein', '', 'LI', 'LIE', '%company\r\n%firstname %lastname\r\n%address1\r\n%address2\r\n%postcode %city\r\n%zone_name\r\n%country_name', 0, '', '', '0000-00-00 00:00:00', '0000-00-00 00:00:00'),
(123, 0, 'Lithuania', '', 'LT', 'LTU', '%company\r\n%firstname %lastname\r\n%address1\r\n%address2\r\n%postcode %city\r\n%zone_name\r\n%country_name', 0, '', '', '0000-00-00 00:00:00', '0000-00-00 00:00:00'),
(124, 0, 'Luxembourg', '', 'LU', 'LUX', '%company\r\n%firstname %lastname\r\n%address1\r\n%address2\r\n%postcode %city\r\n%zone_name\r\n%country_name', 0, '', '', '0000-00-00 00:00:00', '0000-00-00 00:00:00'),
(125, 0, 'Macau', '', 'MO', 'MAC', '%company\r\n%firstname %lastname\r\n%address1\r\n%address2\r\n%postcode %city\r\n%zone_name\r\n%country_name', 0, '', '', '0000-00-00 00:00:00', '0000-00-00 00:00:00'),
(126, 0, 'Macedonia', '', 'MK', 'MKD', '%company\r\n%firstname %lastname\r\n%address1\r\n%address2\r\n%postcode %city\r\n%zone_name\r\n%country_name', 0, '', '', '0000-00-00 00:00:00', '0000-00-00 00:00:00'),
(127, 0, 'Madagascar', '', 'MG', 'MDG', '%company\r\n%firstname %lastname\r\n%address1\r\n%address2\r\n%postcode %city\r\n%zone_name\r\n%country_name', 0, '', '', '0000-00-00 00:00:00', '0000-00-00 00:00:00'),
(128, 0, 'Malawi', '', 'MW', 'MWI', '%company\r\n%firstname %lastname\r\n%address1\r\n%address2\r\n%postcode %city\r\n%zone_name\r\n%country_name', 0, '', '', '0000-00-00 00:00:00', '0000-00-00 00:00:00'),
(129, 0, 'Malaysia', '', 'MY', 'MYS', '%company\r\n%firstname %lastname\r\n%address1\r\n%address2\r\n%postcode %city\r\n%zone_name\r\n%country_name', 0, '', '', '0000-00-00 00:00:00', '0000-00-00 00:00:00'),
(130, 0, 'Maldives', '', 'MV', 'MDV', '%company\r\n%firstname %lastname\r\n%address1\r\n%address2\r\n%postcode %city\r\n%zone_name\r\n%country_name', 0, '', '', '0000-00-00 00:00:00', '0000-00-00 00:00:00'),
(131, 0, 'Mali', '', 'ML', 'MLI', '%company\r\n%firstname %lastname\r\n%address1\r\n%address2\r\n%postcode %city\r\n%zone_name\r\n%country_name', 0, '', '', '0000-00-00 00:00:00', '0000-00-00 00:00:00'),
(132, 0, 'Malta', '', 'MT', 'MLT', '%company\r\n%firstname %lastname\r\n%address1\r\n%address2\r\n%postcode %city\r\n%zone_name\r\n%country_name', 0, '', '', '0000-00-00 00:00:00', '0000-00-00 00:00:00'),
(133, 0, 'Marshall Islands', '', 'MH', 'MHL', '%company\r\n%firstname %lastname\r\n%address1\r\n%address2\r\n%postcode %city\r\n%zone_name\r\n%country_name', 0, '', '', '0000-00-00 00:00:00', '0000-00-00 00:00:00'),
(134, 0, 'Martinique', '', 'MQ', 'MTQ', '%company\r\n%firstname %lastname\r\n%address1\r\n%address2\r\n%postcode %city\r\n%zone_name\r\n%country_name', 0, '', '', '0000-00-00 00:00:00', '0000-00-00 00:00:00'),
(135, 0, 'Mauritania', '', 'MR', 'MRT', '%company\r\n%firstname %lastname\r\n%address1\r\n%address2\r\n%postcode %city\r\n%zone_name\r\n%country_name', 0, '', '', '0000-00-00 00:00:00', '0000-00-00 00:00:00'),
(136, 0, 'Mauritius', '', 'MU', 'MUS', '%company\r\n%firstname %lastname\r\n%address1\r\n%address2\r\n%postcode %city\r\n%zone_name\r\n%country_name', 0, '', '', '0000-00-00 00:00:00', '0000-00-00 00:00:00'),
(137, 0, 'Mayotte', '', 'YT', 'MYT', '%company\r\n%firstname %lastname\r\n%address1\r\n%address2\r\n%postcode %city\r\n%zone_name\r\n%country_name', 0, '', '', '0000-00-00 00:00:00', '0000-00-00 00:00:00'),
(138, 0, 'Mexico', '', 'MX', 'MEX', '%company\r\n%firstname %lastname\r\n%address1\r\n%address2\r\n%postcode %city\r\n%zone_name\r\n%country_name', 0, '', '', '0000-00-00 00:00:00', '0000-00-00 00:00:00'),
(139, 0, 'Micronesia, Federated States of', '', 'FM', 'FSM', '%company\r\n%firstname %lastname\r\n%address1\r\n%address2\r\n%postcode %city\r\n%zone_name\r\n%country_name', 0, '', '', '0000-00-00 00:00:00', '0000-00-00 00:00:00'),
(140, 0, 'Moldova, Republic of', '', 'MD', 'MDA', '%company\r\n%firstname %lastname\r\n%address1\r\n%address2\r\n%postcode %city\r\n%zone_name\r\n%country_name', 0, '', '', '0000-00-00 00:00:00', '0000-00-00 00:00:00'),
(141, 0, 'Monaco', '', 'MC', 'MCO', '%company\r\n%firstname %lastname\r\n%address1\r\n%address2\r\n%postcode %city\r\n%zone_name\r\n%country_name', 0, '', '', '0000-00-00 00:00:00', '0000-00-00 00:00:00'),
(142, 0, 'Mongolia', '', 'MN', 'MNG', '%company\r\n%firstname %lastname\r\n%address1\r\n%address2\r\n%postcode %city\r\n%zone_name\r\n%country_name', 0, '', '', '0000-00-00 00:00:00', '0000-00-00 00:00:00'),
(143, 0, 'Montserrat', '', 'MS', 'MSR', '%company\r\n%firstname %lastname\r\n%address1\r\n%address2\r\n%postcode %city\r\n%zone_name\r\n%country_name', 0, '', '', '0000-00-00 00:00:00', '0000-00-00 00:00:00'),
(144, 0, 'Morocco', '', 'MA', 'MAR', '%company\r\n%firstname %lastname\r\n%address1\r\n%address2\r\n%postcode %city\r\n%zone_name\r\n%country_name', 0, '', '', '0000-00-00 00:00:00', '0000-00-00 00:00:00'),
(145, 0, 'Mozambique', '', 'MZ', 'MOZ', '%company\r\n%firstname %lastname\r\n%address1\r\n%address2\r\n%postcode %city\r\n%zone_name\r\n%country_name', 0, '', '', '0000-00-00 00:00:00', '0000-00-00 00:00:00'),
(146, 0, 'Myanmar', '', 'MM', 'MMR', '%company\r\n%firstname %lastname\r\n%address1\r\n%address2\r\n%postcode %city\r\n%zone_name\r\n%country_name', 0, '', '', '0000-00-00 00:00:00', '0000-00-00 00:00:00'),
(147, 0, 'Namibia', '', 'NA', 'NAM', '%company\r\n%firstname %lastname\r\n%address1\r\n%address2\r\n%postcode %city\r\n%zone_name\r\n%country_name', 0, '', '', '0000-00-00 00:00:00', '0000-00-00 00:00:00'),
(148, 0, 'Nauru', '', 'NR', 'NRU', '%company\r\n%firstname %lastname\r\n%address1\r\n%address2\r\n%postcode %city\r\n%zone_name\r\n%country_name', 0, '', '', '0000-00-00 00:00:00', '0000-00-00 00:00:00'),
(149, 0, 'Nepal', '', 'NP', 'NPL', '%company\r\n%firstname %lastname\r\n%address1\r\n%address2\r\n%postcode %city\r\n%zone_name\r\n%country_name', 0, '', '', '0000-00-00 00:00:00', '0000-00-00 00:00:00'),
(150, 1, 'Netherlands', '', 'NL', 'NLD', '%company\r\n%firstname %lastname\r\n%address1\r\n%address2\r\n%postcode %city\r\n%zone_name\r\n%country_name', 0, '', '', '0000-00-00 00:00:00', '0000-00-00 00:00:00'),
(151, 0, 'Netherlands Antilles', '', 'AN', 'ANT', '%company\r\n%firstname %lastname\r\n%address1\r\n%address2\r\n%postcode %city\r\n%zone_name\r\n%country_name', 0, '', '', '0000-00-00 00:00:00', '0000-00-00 00:00:00'),
(152, 0, 'New Caledonia', '', 'NC', 'NCL', '%company\r\n%firstname %lastname\r\n%address1\r\n%address2\r\n%postcode %city\r\n%zone_name\r\n%country_name', 0, '', '', '0000-00-00 00:00:00', '0000-00-00 00:00:00'),
(153, 0, 'New Zealand', '', 'NZ', 'NZL', '%company\r\n%firstname %lastname\r\n%address1\r\n%address2\r\n%postcode %city\r\n%zone_name\r\n%country_name', 0, '', '', '0000-00-00 00:00:00', '0000-00-00 00:00:00'),
(154, 0, 'Nicaragua', '', 'NI', 'NIC', '%company\r\n%firstname %lastname\r\n%address1\r\n%address2\r\n%postcode %city\r\n%zone_name\r\n%country_name', 0, '', '', '0000-00-00 00:00:00', '0000-00-00 00:00:00'),
(155, 0, 'Niger', '', 'NE', 'NER', '%company\r\n%firstname %lastname\r\n%address1\r\n%address2\r\n%postcode %city\r\n%zone_name\r\n%country_name', 0, '', '', '0000-00-00 00:00:00', '0000-00-00 00:00:00'),
(156, 0, 'Nigeria', '', 'NG', 'NGA', '%company\r\n%firstname %lastname\r\n%address1\r\n%address2\r\n%postcode %city\r\n%zone_name\r\n%country_name', 0, '', '', '0000-00-00 00:00:00', '0000-00-00 00:00:00'),
(157, 0, 'Niue', '', 'NU', 'NIU', '%company\r\n%firstname %lastname\r\n%address1\r\n%address2\r\n%postcode %city\r\n%zone_name\r\n%country_name', 0, '', '', '0000-00-00 00:00:00', '0000-00-00 00:00:00'),
(158, 0, 'Norfolk Island', '', 'NF', 'NFK', '%company\r\n%firstname %lastname\r\n%address1\r\n%address2\r\n%postcode %city\r\n%zone_name\r\n%country_name', 0, '', '', '0000-00-00 00:00:00', '0000-00-00 00:00:00'),
(159, 0, 'Northern Mariana Islands', '', 'MP', 'MNP', '%company\r\n%firstname %lastname\r\n%address1\r\n%address2\r\n%postcode %city\r\n%zone_name\r\n%country_name', 0, '', '', '0000-00-00 00:00:00', '0000-00-00 00:00:00'),
(160, 1, 'Norway', '', 'NO', 'NOR', '%company\r\n%firstname %lastname\r\n%address1\r\n%address2\r\n%postcode %city\r\n%zone_name\r\n%country_name', 0, '', '', '0000-00-00 00:00:00', '0000-00-00 00:00:00'),
(161, 0, 'Oman', '', 'OM', 'OMN', '%company\r\n%firstname %lastname\r\n%address1\r\n%address2\r\n%postcode %city\r\n%zone_name\r\n%country_name', 0, '', '', '0000-00-00 00:00:00', '0000-00-00 00:00:00'),
(162, 0, 'Pakistan', '', 'PK', 'PAK', '%company\r\n%firstname %lastname\r\n%address1\r\n%address2\r\n%postcode %city\r\n%zone_name\r\n%country_name', 0, '', '', '0000-00-00 00:00:00', '0000-00-00 00:00:00'),
(163, 0, 'Palau', '', 'PW', 'PLW', '%company\r\n%firstname %lastname\r\n%address1\r\n%address2\r\n%postcode %city\r\n%zone_name\r\n%country_name', 0, '', '', '0000-00-00 00:00:00', '0000-00-00 00:00:00'),
(164, 0, 'Panama', '', 'PA', 'PAN', '%company\r\n%firstname %lastname\r\n%address1\r\n%address2\r\n%postcode %city\r\n%zone_name\r\n%country_name', 0, '', '', '0000-00-00 00:00:00', '0000-00-00 00:00:00'),
(165, 0, 'Papua New Guinea', '', 'PG', 'PNG', '%company\r\n%firstname %lastname\r\n%address1\r\n%address2\r\n%postcode %city\r\n%zone_name\r\n%country_name', 0, '', '', '0000-00-00 00:00:00', '0000-00-00 00:00:00'),
(166, 0, 'Paraguay', '', 'PY', 'PRY', '%company\r\n%firstname %lastname\r\n%address1\r\n%address2\r\n%postcode %city\r\n%zone_name\r\n%country_name', 0, '', '', '0000-00-00 00:00:00', '0000-00-00 00:00:00'),
(167, 0, 'Peru', '', 'PE', 'PER', '%company\r\n%firstname %lastname\r\n%address1\r\n%address2\r\n%postcode %city\r\n%zone_name\r\n%country_name', 0, '', '', '0000-00-00 00:00:00', '0000-00-00 00:00:00'),
(168, 0, 'Philippines', '', 'PH', 'PHL', '%company\r\n%firstname %lastname\r\n%address1\r\n%address2\r\n%postcode %city\r\n%zone_name\r\n%country_name', 0, '', '', '0000-00-00 00:00:00', '0000-00-00 00:00:00'),
(169, 0, 'Pitcairn', '', 'PN', 'PCN', '%company\r\n%firstname %lastname\r\n%address1\r\n%address2\r\n%postcode %city\r\n%zone_name\r\n%country_name', 0, '', '', '0000-00-00 00:00:00', '0000-00-00 00:00:00'),
(170, 0, 'Poland', '', 'PL', 'POL', '%company\r\n%firstname %lastname\r\n%address1\r\n%address2\r\n%postcode %city\r\n%zone_name\r\n%country_name', 0, '', '', '0000-00-00 00:00:00', '0000-00-00 00:00:00'),
(171, 1, 'Portugal', '', 'PT', 'PRT', '%company\r\n%firstname %lastname\r\n%address1\r\n%address2\r\n%postcode %city\r\n%zone_name\r\n%country_name', 0, '', '', '0000-00-00 00:00:00', '0000-00-00 00:00:00'),
(172, 0, 'Puerto Rico', '', 'PR', 'PRI', '%company\r\n%firstname %lastname\r\n%address1\r\n%address2\r\n%postcode %city\r\n%zone_name\r\n%country_name', 0, '', '', '0000-00-00 00:00:00', '0000-00-00 00:00:00'),
(173, 0, 'Qatar', '', 'QA', 'QAT', '%company\r\n%firstname %lastname\r\n%address1\r\n%address2\r\n%postcode %city\r\n%zone_name\r\n%country_name', 0, '', '', '0000-00-00 00:00:00', '0000-00-00 00:00:00'),
(174, 0, 'Reunion', '', 'RE', 'REU', '%company\r\n%firstname %lastname\r\n%address1\r\n%address2\r\n%postcode %city\r\n%zone_name\r\n%country_name', 0, '', '', '0000-00-00 00:00:00', '0000-00-00 00:00:00'),
(175, 0, 'Romania', '', 'RO', 'ROM', '%company\r\n%firstname %lastname\r\n%address1\r\n%address2\r\n%postcode %city\r\n%zone_name\r\n%country_name', 0, '', '', '0000-00-00 00:00:00', '0000-00-00 00:00:00'),
(176, 0, 'Russian Federation', '', 'RU', 'RUS', '%company\r\n%firstname %lastname\r\n%address1\r\n%address2\r\n%postcode %city\r\n%zone_name\r\n%country_name', 0, '', '', '0000-00-00 00:00:00', '0000-00-00 00:00:00'),
(177, 0, 'Rwanda', '', 'RW', 'RWA', '%company\r\n%firstname %lastname\r\n%address1\r\n%address2\r\n%postcode %city\r\n%zone_name\r\n%country_name', 0, '', '', '0000-00-00 00:00:00', '0000-00-00 00:00:00'),
(178, 0, 'Saint Kitts and Nevis', '', 'KN', 'KNA', '%company\r\n%firstname %lastname\r\n%address1\r\n%address2\r\n%postcode %city\r\n%zone_name\r\n%country_name', 0, '', '', '0000-00-00 00:00:00', '0000-00-00 00:00:00'),
(179, 0, 'Saint Lucia', '', 'LC', 'LCA', '%company\r\n%firstname %lastname\r\n%address1\r\n%address2\r\n%postcode %city\r\n%zone_name\r\n%country_name', 0, '', '', '0000-00-00 00:00:00', '0000-00-00 00:00:00'),
(180, 0, 'Saint Vincent and the Grenadines', '', 'VC', 'VCT', '%company\r\n%firstname %lastname\r\n%address1\r\n%address2\r\n%postcode %city\r\n%zone_name\r\n%country_name', 0, '', '', '0000-00-00 00:00:00', '0000-00-00 00:00:00'),
(181, 0, 'Samoa', '', 'WS', 'WSM', '%company\r\n%firstname %lastname\r\n%address1\r\n%address2\r\n%postcode %city\r\n%zone_name\r\n%country_name', 0, '', '', '0000-00-00 00:00:00', '0000-00-00 00:00:00'),
(182, 0, 'San Marino', '', 'SM', 'SMR', '%company\r\n%firstname %lastname\r\n%address1\r\n%address2\r\n%postcode %city\r\n%zone_name\r\n%country_name', 0, '', '', '0000-00-00 00:00:00', '0000-00-00 00:00:00'),
(183, 0, 'Sao Tome and Principe', '', 'ST', 'STP', '%company\r\n%firstname %lastname\r\n%address1\r\n%address2\r\n%postcode %city\r\n%zone_name\r\n%country_name', 0, '', '', '0000-00-00 00:00:00', '0000-00-00 00:00:00'),
(184, 0, 'Saudi Arabia', '', 'SA', 'SAU', '%company\r\n%firstname %lastname\r\n%address1\r\n%address2\r\n%postcode %city\r\n%zone_name\r\n%country_name', 0, '', '', '0000-00-00 00:00:00', '0000-00-00 00:00:00'),
(185, 0, 'Senegal', '', 'SN', 'SEN', '%company\r\n%firstname %lastname\r\n%address1\r\n%address2\r\n%postcode %city\r\n%zone_name\r\n%country_name', 0, '', '', '0000-00-00 00:00:00', '0000-00-00 00:00:00'),
(186, 0, 'Seychelles', '', 'SC', 'SYC', '%company\r\n%firstname %lastname\r\n%address1\r\n%address2\r\n%postcode %city\r\n%zone_name\r\n%country_name', 0, '', '', '0000-00-00 00:00:00', '0000-00-00 00:00:00'),
(187, 0, 'Sierra Leone', '', 'SL', 'SLE', '%company\r\n%firstname %lastname\r\n%address1\r\n%address2\r\n%postcode %city\r\n%zone_name\r\n%country_name', 0, '', '', '0000-00-00 00:00:00', '0000-00-00 00:00:00'),
(188, 0, 'Singapore', '', 'SG', 'SGP', '%company\r\n%firstname %lastname\r\n%address1\r\n%address2\r\n%postcode %city\r\n%zone_name\r\n%country_name', 0, '', '', '0000-00-00 00:00:00', '0000-00-00 00:00:00'),
(189, 0, 'Slovak Republic', '', 'SK', 'SVK', '%company\r\n%firstname %lastname\r\n%address1\r\n%address2\r\n%postcode %city\r\n%zone_name\r\n%country_name', 0, '', '', '0000-00-00 00:00:00', '0000-00-00 00:00:00'),
(190, 0, 'Slovenia', '', 'SI', 'SVN', '%company\r\n%firstname %lastname\r\n%address1\r\n%address2\r\n%postcode %city\r\n%zone_name\r\n%country_name', 0, '', '', '0000-00-00 00:00:00', '0000-00-00 00:00:00'),
(191, 0, 'Solomon Islands', '', 'SB', 'SLB', '%company\r\n%firstname %lastname\r\n%address1\r\n%address2\r\n%postcode %city\r\n%zone_name\r\n%country_name', 0, '', '', '0000-00-00 00:00:00', '0000-00-00 00:00:00'),
(192, 0, 'Somalia', '', 'SO', 'SOM', '%company\r\n%firstname %lastname\r\n%address1\r\n%address2\r\n%postcode %city\r\n%zone_name\r\n%country_name', 0, '', '', '0000-00-00 00:00:00', '0000-00-00 00:00:00'),
(193, 0, 'South Africa', '', 'ZA', 'ZAF', '%company\r\n%firstname %lastname\r\n%address1\r\n%address2\r\n%postcode %city\r\n%zone_name\r\n%country_name', 0, '', '', '0000-00-00 00:00:00', '0000-00-00 00:00:00'),
(194, 0, 'South Georgia &amp; South Sandwich Islands', '', 'GS', 'SGS', '%company\r\n%firstname %lastname\r\n%address1\r\n%address2\r\n%postcode %city\r\n%zone_name\r\n%country_name', 0, '', '', '0000-00-00 00:00:00', '0000-00-00 00:00:00'),
(195, 1, 'Spain', '', 'ES', 'ESP', '%company\r\n%firstname %lastname\r\n%address1\r\n%address2\r\n%postcode %city\r\n%zone_name\r\n%country_name', 0, '', '', '0000-00-00 00:00:00', '0000-00-00 00:00:00'),
(196, 0, 'Sri Lanka', '', 'LK', 'LKA', '%company\r\n%firstname %lastname\r\n%address1\r\n%address2\r\n%postcode %city\r\n%zone_name\r\n%country_name', 0, '', '', '0000-00-00 00:00:00', '0000-00-00 00:00:00'),
(197, 0, 'St. Helena', '', 'SH', 'SHN', '%company\r\n%firstname %lastname\r\n%address1\r\n%address2\r\n%postcode %city\r\n%zone_name\r\n%country_name', 0, '', '', '0000-00-00 00:00:00', '0000-00-00 00:00:00'),
(198, 0, 'St. Pierre and Miquelon', '', 'PM', 'SPM', '%company\r\n%firstname %lastname\r\n%address1\r\n%address2\r\n%postcode %city\r\n%zone_name\r\n%country_name', 0, '', '', '0000-00-00 00:00:00', '0000-00-00 00:00:00'),
(199, 0, 'Sudan', '', 'SD', 'SDN', '%company\r\n%firstname %lastname\r\n%address1\r\n%address2\r\n%postcode %city\r\n%zone_name\r\n%country_name', 0, '', '', '0000-00-00 00:00:00', '0000-00-00 00:00:00'),
(200, 0, 'Suriname', '', 'SR', 'SUR', '%company\r\n%firstname %lastname\r\n%address1\r\n%address2\r\n%postcode %city\r\n%zone_name\r\n%country_name', 0, '', '', '0000-00-00 00:00:00', '0000-00-00 00:00:00'),
(201, 0, 'Svalbard and Jan Mayen Islands', '', 'SJ', 'SJM', '%company\r\n%firstname %lastname\r\n%address1\r\n%address2\r\n%postcode %city\r\n%zone_name\r\n%country_name', 0, '', '', '0000-00-00 00:00:00', '0000-00-00 00:00:00'),
(202, 0, 'Swaziland', '', 'SZ', 'SWZ', '%company\r\n%firstname %lastname\r\n%address1\r\n%address2\r\n%postcode %city\r\n%zone_name\r\n%country_name', 0, '', '', '0000-00-00 00:00:00', '0000-00-00 00:00:00'),
(203, 1, 'Sweden', '', 'SE', 'SWE', '%company\r\n%firstname %lastname\r\n%address1\r\n%address2\r\n%postcode %city\r\n%zone_name\r\n%country_name', 0, '', '', '2012-07-03 17:00:36', '0000-00-00 00:00:00'),
(204, 0, 'Switzerland', '', 'CH', 'CHE', '%company\r\n%firstname %lastname\r\n%address1\r\n%address2\r\n%postcode %city\r\n%zone_name\r\n%country_name', 0, '', '', '0000-00-00 00:00:00', '0000-00-00 00:00:00'),
(205, 0, 'Syrian Arab Republic', '', 'SY', 'SYR', '%company\r\n%firstname %lastname\r\n%address1\r\n%address2\r\n%postcode %city\r\n%zone_name\r\n%country_name', 0, '', '', '0000-00-00 00:00:00', '0000-00-00 00:00:00'),
(206, 0, 'Taiwan', '', 'TW', 'TWN', '%company\r\n%firstname %lastname\r\n%address1\r\n%address2\r\n%postcode %city\r\n%zone_name\r\n%country_name', 0, '', '', '0000-00-00 00:00:00', '0000-00-00 00:00:00'),
(207, 0, 'Tajikistan', '', 'TJ', 'TJK', '%company\r\n%firstname %lastname\r\n%address1\r\n%address2\r\n%postcode %city\r\n%zone_name\r\n%country_name', 0, '', '', '0000-00-00 00:00:00', '0000-00-00 00:00:00'),
(208, 0, 'Tanzania, United Republic of', '', 'TZ', 'TZA', '%company\r\n%firstname %lastname\r\n%address1\r\n%address2\r\n%postcode %city\r\n%zone_name\r\n%country_name', 0, '', '', '0000-00-00 00:00:00', '0000-00-00 00:00:00'),
(209, 0, 'Thailand', '', 'TH', 'THA', '%company\r\n%firstname %lastname\r\n%address1\r\n%address2\r\n%postcode %city\r\n%zone_name\r\n%country_name', 0, '', '', '0000-00-00 00:00:00', '0000-00-00 00:00:00'),
(210, 0, 'Togo', '', 'TG', 'TGO', '%company\r\n%firstname %lastname\r\n%address1\r\n%address2\r\n%postcode %city\r\n%zone_name\r\n%country_name', 0, '', '', '0000-00-00 00:00:00', '0000-00-00 00:00:00'),
(211, 0, 'Tokelau', '', 'TK', 'TKL', '%company\r\n%firstname %lastname\r\n%address1\r\n%address2\r\n%postcode %city\r\n%zone_name\r\n%country_name', 0, '', '', '0000-00-00 00:00:00', '0000-00-00 00:00:00'),
(212, 0, 'Tonga', '', 'TO', 'TON', '%company\r\n%firstname %lastname\r\n%address1\r\n%address2\r\n%postcode %city\r\n%zone_name\r\n%country_name', 0, '', '', '0000-00-00 00:00:00', '0000-00-00 00:00:00'),
(213, 0, 'Trinidad and Tobago', '', 'TT', 'TTO', '%company\r\n%firstname %lastname\r\n%address1\r\n%address2\r\n%postcode %city\r\n%zone_name\r\n%country_name', 0, '', '', '0000-00-00 00:00:00', '0000-00-00 00:00:00'),
(214, 0, 'Tunisia', '', 'TN', 'TUN', '%company\r\n%firstname %lastname\r\n%address1\r\n%address2\r\n%postcode %city\r\n%zone_name\r\n%country_name', 0, '', '', '0000-00-00 00:00:00', '0000-00-00 00:00:00'),
(215, 0, 'Turkey', '', 'TR', 'TUR', '%company\r\n%firstname %lastname\r\n%address1\r\n%address2\r\n%postcode %city\r\n%zone_name\r\n%country_name', 0, '', '', '0000-00-00 00:00:00', '0000-00-00 00:00:00'),
(216, 0, 'Turkmenistan', '', 'TM', 'TKM', '%company\r\n%firstname %lastname\r\n%address1\r\n%address2\r\n%postcode %city\r\n%zone_name\r\n%country_name', 0, '', '', '0000-00-00 00:00:00', '0000-00-00 00:00:00'),
(217, 0, 'Turks and Caicos Islands', '', 'TC', 'TCA', '%company\r\n%firstname %lastname\r\n%address1\r\n%address2\r\n%postcode %city\r\n%zone_name\r\n%country_name', 0, '', '', '0000-00-00 00:00:00', '0000-00-00 00:00:00'),
(218, 0, 'Tuvalu', '', 'TV', 'TUV', '%company\r\n%firstname %lastname\r\n%address1\r\n%address2\r\n%postcode %city\r\n%zone_name\r\n%country_name', 0, '', '', '0000-00-00 00:00:00', '0000-00-00 00:00:00'),
(219, 0, 'Uganda', '', 'UG', 'UGA', '%company\r\n%firstname %lastname\r\n%address1\r\n%address2\r\n%postcode %city\r\n%zone_name\r\n%country_name', 0, '', '', '0000-00-00 00:00:00', '0000-00-00 00:00:00'),
(220, 0, 'Ukraine', '', 'UA', 'UKR', '%company\r\n%firstname %lastname\r\n%address1\r\n%address2\r\n%postcode %city\r\n%zone_name\r\n%country_name', 0, '', '', '0000-00-00 00:00:00', '0000-00-00 00:00:00'),
(221, 0, 'United Arab Emirates', '', 'AE', 'ARE', '%company\r\n%firstname %lastname\r\n%address1\r\n%address2\r\n%postcode %city\r\n%zone_name\r\n%country_name', 0, '', '', '0000-00-00 00:00:00', '0000-00-00 00:00:00'),
(222, 0, 'United Kingdom', '', 'GB', 'GBR', '%company\r\n%firstname %lastname\r\n%address1\r\n%address2\r\n%postcode %city\r\n%zone_name\r\n%country_name', 1, '', '', '0000-00-00 00:00:00', '0000-00-00 00:00:00'),
(223, 1, 'United States', '', 'US', 'USA', '%company\r\n%firstname %lastname\r\n%address1\r\n%address2\r\n%postcode %city\r\n%zone_name\r\n%country_name', 0, '', '', '0000-00-00 00:00:00', '0000-00-00 00:00:00'),
(224, 0, 'United States Minor Outlying Islands', '', 'UM', 'UMI', '%company\r\n%firstname %lastname\r\n%address1\r\n%address2\r\n%postcode %city\r\n%zone_name\r\n%country_name', 0, '', '', '0000-00-00 00:00:00', '0000-00-00 00:00:00'),
(225, 0, 'Uruguay', '', 'UY', 'URY', '%company\r\n%firstname %lastname\r\n%address1\r\n%address2\r\n%postcode %city\r\n%zone_name\r\n%country_name', 0, '', '', '0000-00-00 00:00:00', '0000-00-00 00:00:00'),
(226, 0, 'Uzbekistan', '', 'UZ', 'UZB', '%company\r\n%firstname %lastname\r\n%address1\r\n%address2\r\n%postcode %city\r\n%zone_name\r\n%country_name', 0, '', '', '0000-00-00 00:00:00', '0000-00-00 00:00:00'),
(227, 0, 'Vanuatu', '', 'VU', 'VUT', '%company\r\n%firstname %lastname\r\n%address1\r\n%address2\r\n%postcode %city\r\n%zone_name\r\n%country_name', 0, '', '', '0000-00-00 00:00:00', '0000-00-00 00:00:00'),
(228, 0, 'Vatican City State (Holy See)', '', 'VA', 'VAT', '%company\r\n%firstname %lastname\r\n%address1\r\n%address2\r\n%postcode %city\r\n%zone_name\r\n%country_name', 0, '', '', '0000-00-00 00:00:00', '0000-00-00 00:00:00'),
(229, 0, 'Venezuela', '', 'VE', 'VEN', '%company\r\n%firstname %lastname\r\n%address1\r\n%address2\r\n%postcode %city\r\n%zone_name\r\n%country_name', 0, '', '', '0000-00-00 00:00:00', '0000-00-00 00:00:00'),
(230, 0, 'Viet Nam', '', 'VN', 'VNM', '%company\r\n%firstname %lastname\r\n%address1\r\n%address2\r\n%postcode %city\r\n%zone_name\r\n%country_name', 0, '', '', '0000-00-00 00:00:00', '0000-00-00 00:00:00'),
(231, 0, 'Virgin Islands (British)', '', 'VG', 'VGB', '%company\r\n%firstname %lastname\r\n%address1\r\n%address2\r\n%postcode %city\r\n%zone_name\r\n%country_name', 0, '', '', '0000-00-00 00:00:00', '0000-00-00 00:00:00'),
(232, 0, 'Virgin Islands (U.S.)', '', 'VI', 'VIR', '%company\r\n%firstname %lastname\r\n%address1\r\n%address2\r\n%postcode %city\r\n%zone_name\r\n%country_name', 0, '', '', '0000-00-00 00:00:00', '0000-00-00 00:00:00'),
(233, 0, 'Wallis and Futuna Islands', '', 'WF', 'WLF', '%company\r\n%firstname %lastname\r\n%address1\r\n%address2\r\n%postcode %city\r\n%zone_name\r\n%country_name', 0, '', '', '0000-00-00 00:00:00', '0000-00-00 00:00:00'),
(234, 0, 'Western Sahara', '', 'EH', 'ESH', '%company\r\n%firstname %lastname\r\n%address1\r\n%address2\r\n%postcode %city\r\n%zone_name\r\n%country_name', 0, '', '', '0000-00-00 00:00:00', '0000-00-00 00:00:00'),
(235, 0, 'Yemen', '', 'YE', 'YEM', '%company\r\n%firstname %lastname\r\n%address1\r\n%address2\r\n%postcode %city\r\n%zone_name\r\n%country_name', 0, '', '', '0000-00-00 00:00:00', '0000-00-00 00:00:00'),
(236, 0, 'Yugoslavia', '', 'YU', 'YUG', '%company\r\n%firstname %lastname\r\n%address1\r\n%address2\r\n%postcode %city\r\n%zone_name\r\n%country_name', 0, '', '', '0000-00-00 00:00:00', '0000-00-00 00:00:00'),
(237, 0, 'Democratic Republic of Congo', '', 'CD', 'COD', '%company\r\n%firstname %lastname\r\n%address1\r\n%address2\r\n%postcode %city\r\n%zone_name\r\n%country_name', 0, '', '', '0000-00-00 00:00:00', '0000-00-00 00:00:00'),
(238, 0, 'Zambia', '', 'ZM', 'ZMB', '%company\r\n%firstname %lastname\r\n%address1\r\n%address2\r\n%postcode %city\r\n%zone_name\r\n%country_name', 0, '', '', '0000-00-00 00:00:00', '0000-00-00 00:00:00'),
(239, 0, 'Zimbabwe', '', 'ZW', 'ZWE', '%company\r\n%firstname %lastname\r\n%address1\r\n%address2\r\n%postcode %city\r\n%zone_name\r\n%country_name', 0, '', '', '0000-00-00 00:00:00', '0000-00-00 00:00:00');
-- --------------------------------------------------------
INSERT INTO `lc_languages` (`status`, `code`, `name`, `locale`, `charset`, `raw_date`, `raw_time`, `raw_datetime`, `format_date`, `format_time`, `format_datetime`, `decimal_point`, `thousands_sep`, `priority`, `date_updated`, `date_created`) VALUES
(1, 'en', 'English', 'en_US.utf8', 'UTF-8', 'm/d/y', 'h:i:s A', 'm/d/y h:i:s A', '%b %e %Y', '%I:%M %p', '%b %e %Y %I:%M %p', '.', ',', 0, NOW(), NOW());
-- --------------------------------------------------------
INSERT INTO `lc_settings_groups` (`key`, `name`, `description`, `priority`) VALUES
('store_info', 'Store Info', 'Store information', 10),
('defaults', 'Defaults', 'Store default settings', 20),
('listings', 'Listings', '', 30),
('checkout', 'Checkout', 'Checkout settings', 40),
('advanced', 'Advanced', 'Advanced settings', 50);
-- --------------------------------------------------------
INSERT INTO `lc_settings` (`setting_group_key`, `type`, `title`, `description`, `key`, `value`, `function`, `priority`, `date_updated`, `date_created`) VALUES
('store_info', 'global', 'Store Name', 'The name of your store.', 'store_name', 'My Store', 'input()', 10, '2012-04-01 19:06:42', '2012-04-01 19:06:42'),
('store_info', 'global', 'Store Language', 'The store language.', 'store_language', 'en', 'languages()', 30, '2012-04-21 06:54:22', '0000-00-00 00:00:00'),
('store_info', 'local', 'Postal Address', 'The store postal address.', 'store_postal_address', 'My Store\r\nStreet\r\nPostcode City\r\nCountry', 'bigtext()', 12, '2012-07-11 17:09:01', '0000-00-00 00:00:00'),
('store_info', 'local', 'Tax ID', 'The store tax ID or VATIN.', 'store_tax_id', 'SE00000000-000001', 'input()', 16, '2012-07-11 17:13:17', '2012-07-11 17:12:46'),
('store_info', 'local', 'Phone Number', 'The store phone number.', 'store_phone', '+46 8-123 45 67', 'input()', 15, '2012-07-11 17:29:28', '2012-07-11 17:29:28'),
('store_info', 'local', 'Keywords', 'The main keywords of the store. Mainly used for the first page.', 'store_keywords', 'litecart, web shop, e-commerce', 'input()', 21, '2012-08-09 19:06:49', '0000-00-00 00:00:00'),
('store_info', 'local', 'Short Description', 'A short description of the store mainly used for the front page meta description.', 'store_short_description', 'This is a fancy web shop.', 'mediumtext()', 20, '2012-08-09 19:06:28', '0000-00-00 00:00:00'),
('store_info', 'global', 'Template', '', 'template', 'default', 'templates()', 50, '2012-08-10 12:03:36', '2012-08-10 12:03:36'),
('store_info', 'global', 'Store Country', 'The country of your store.', 'store_country_id', 'GB', 'countries()', 13, '2012-08-09 19:05:28', '2012-04-01 17:20:47'),
('store_info', 'global', 'Store Zone', 'The zone of your store.', 'store_zone', 'VML', 'zones()', 14, '2012-08-09 19:05:38', '2012-04-01 18:51:49'),
('store_info', 'global', 'System Weight Class', 'The preselected weight class.', 'store_weight_class', 'kg', 'weight_classes()', 32, '2012-04-06 19:20:21', '2012-04-06 19:20:21'),
('store_info', 'global', 'System Length Class', 'The preselected length class.', 'store_length_class', 'cm', 'length_classes()', 33, '2012-04-15 23:43:54', '2012-04-06 19:20:21'),
('store_info', 'global', 'Store Currency', 'The currency of which all prices conform to.', 'store_currency', 'EUR', 'currencies()', 31, '2012-07-02 15:00:01', '2012-07-02 15:00:01'),
('store_info', 'global', 'Store Time Zone', 'The store time zone.', 'store_timezone', 'Europe/Stockholm', 'timezones()', 40, '2012-08-17 19:36:30', '2012-08-17 19:36:30'),
('store_info', 'global', 'Store Email', 'The store e-mail address.', 'store_email', 'store@tim-international.net', 'input()', 11, '2012-08-09 18:52:00', '2012-05-27 21:26:11'),
('defaults', 'global', 'Default Language', 'The default language selected, if failed to identify.', 'default_language', 'en', 'languages()', 10, '0000-00-00 00:00:00', '0000-00-00 00:00:00'),
('defaults', 'global', 'Default Currency', 'The default currency selected.', 'default_currency', 'EUR', 'currencies()', 11, '2012-03-31 15:06:27', '2012-03-31 15:06:27'),
('defaults', 'global', 'Default Country', 'The default country selected if not set otherwise.', 'default_country', 'GB', 'countries()', 12, '2012-04-28 11:31:20', '2012-04-28 11:31:20'),
('defaults', 'global', 'Default Zone', 'The default zone selected if not set otherwise.', 'default_zone', '0', 'zones()', 13, '2012-08-09 18:59:55', '2012-04-30 15:47:19'),
('checkout', 'local', 'Password Field', 'Show the password field, letting customers set their own password. Otherwise randomly generated.', 'fields_customer_password', 'false', 'toggle()', 13, '2012-08-07 01:18:33', '2012-05-27 21:34:41'),
('checkout', 'local', 'Register Guests', 'Automatically create accounts for all guests.', 'register_guests', 'false', 'toggle()', 12, '2012-08-20 08:31:22', '2012-07-05 19:29:32'),
('checkout', 'local', 'Enable AJAX Checkout', 'Enables AJAX functionality for checkout.', 'checkout_ajax_enabled', 'true', 'toggle()', 10, '2012-07-09 20:01:47', '2012-07-09 20:01:47'),
('checkout', 'local', 'Enable CAPTCHA', 'Lets customers enter a CAPTACHA code before placing orders.', 'checkout_captcha_enabled', 'true', 'toggle()', 11, '2012-08-09 19:32:29', '2012-07-27 19:49:46'),
('checkout', 'local', 'Order Copy Receipients', 'Send order copies to the following e-mail addresses. Separate by semi-colons.', 'email_order_copy', 'shop@tim-international.net', 'mediumtext()', 14, '2012-08-09 18:54:52', '2012-07-27 21:19:46'),
('advanced', 'global', 'Jobs Last Run', 'Time when background jobs where last executed.', 'jobs_last_run', '2012-08-20 10:02:47', 'input()', 41, '2012-08-16 08:29:24', '2012-08-11 21:00:34'),
('advanced', 'global', 'GZIP Enabled', 'Compresses browser data. Increases the load on the server but decreases the bandwidth.', 'gzip_enabled', 'false', 'toggle()', 60, '2012-08-09 09:10:51', '2012-05-30 22:11:18'),
('advanced', 'global', 'System Cache Enabled', 'Enables the system cache module which caches frequently used data.', 'cache_enabled', 'true', 'toggle()', 50, '2012-08-13 05:21:24', '2012-05-30 22:27:30'),
('advanced', 'local', 'Jobs Interval', 'The amount of minutes between each execution of jobs.', 'jobs_interval', '60', 'int()', 40, '2012-08-13 01:34:33', '2012-08-11 21:00:34'),
('advanced', 'local', 'Database Admin Link', 'The URL to your database manager i.e. phpMyAdmin.', 'database_admin_link', '', 'input()', 30, '2012-08-08 04:56:57', '2012-08-08 04:56:22'),
('advanced', 'global', 'SEO Links Enabled', 'Enabling this requires .htaccess and mod_rewrite rules.', 'seo_links_enabled', 'true', 'toggle()', 10, '2012-07-25 22:01:27', '2012-07-25 22:01:27'),
('advanced', 'global', 'Clear SEO Links Cache', 'Remove all cached SEO links from database.', 'cache_clear_seo_links', 'false', 'toggle()', 11, '2012-08-13 05:07:26', '2012-08-12 17:01:17'),
('advanced', 'global', 'Clear Thumbnails Cache', 'Remove all cached image thumnbnails from disk.', 'cache_clear_thumbnails', 'false', 'toggle()', 20, '2012-08-12 17:21:18', '2012-08-12 17:01:17'),
('advanced', 'global', 'SEO Links Language Prefix', 'Begins the SEO links with the language code i.e. /en/....', 'seo_links_language_prefix', 'true', 'toggle()', '0', NOW(), NOW(),
('advanced', 'global', 'Regional Settings Screen', 'Enables the regional settings screen upon first visit.', 'regional_settings_screen_enabled', 'true', 'toggle()', '0', NOW(), NOW(),
('advanced', 'global', 'Set Currency by Language', 'Chain select currency when changing language.', 'set_currency_by_language', 'true', 'toggle()', '0', NOW(), NOW(),
('advanced', 'local', 'Contact Form CAPTCHA', 'Prevents spam by enabling CAPTCHA in the contact form.', 'contact_form_captcha_enabled', 'false', 'toggle()', '0', NOW(), NOW(),
('listings', 'global', 'Display Prices Including Tax', 'Displays all prices in catalog including tax.', 'display_prices_including_tax', 'true', 'toggle()', 0, '2012-08-07 01:12:46', '0000-00-00 00:00:00'),
('listings', 'local', 'Data Table Rows', 'The number of data table rows per page.', 'data_table_rows_per_page', '20', 'input()', 0, '2012-04-16 00:01:03', '2012-04-15 06:48:04'),
('listings', 'local', 'Display Stock Count', 'Show the available amounts of products in stock.', 'display_stock_count', 'true', 'toggle()', 0, '2012-08-08 05:54:31', '2012-08-08 05:54:31'),
('listings', 'local', 'Cheapest Shipping', 'Display the cheapest shipping cost on product page.', 'display_cheapest_shipping', 'true', 'toggle()', 0, '2012-08-06 04:58:08', '2012-08-06 04:58:08'),
('', 'local', 'Installed Shipping Modules', '', 'shipping_modules', '', '', 0, '2012-04-13 16:10:57', '2012-04-13 16:10:57'),
('', 'local', 'Installed Payment Modules', '', 'payment_modules', '', '', 0, '2012-04-13 16:10:57', '2012-04-13 16:10:57'),
('', 'local', 'Installed Order Total Modules', '', 'order_total_modules', '', '', 0, '0000-00-00 00:00:00', '0000-00-00 00:00:00'),
('', 'local', 'Installed Order Success Modules', '', 'order_success_modules', '', '', 0, '2012-08-01 05:15:55', '2012-08-01 05:15:55'),
('', 'local', 'Installed Job Modules', '', 'jobs_modules', '', '', 0, '2012-08-11 21:05:10', '2012-08-11 21:05:10'),
('', 'local', 'Date Cache Cleared', 'Do not use system cache older than breakpoint.', 'cache_system_breakpoint', '2012-08-20 08:33:46', 'input()', 0, '2012-05-30 05:21:51', '2012-05-30 05:21:51');
-- --------------------------------------------------------
INSERT INTO `lc_currencies` (`status`, `code`, `name`, `value`, `decimals`, `prefix`, `suffix`, `priority`, `date_updated`, `date_created`) VALUES
(1, 'EUR', 'Euro', 1, 2, '', ' ', 0, NOW(), NOW());
-- --------------------------------------------------------
INSERT INTO `lc_orders_status` (`id`, `is_sale`, `date_updated`, `date_created`) VALUES
(1, 1, '2012-08-20 07:48:46', '2012-08-05 04:24:11'),
(2, 1, '2012-08-20 07:49:05', '2012-08-05 04:24:24'),
(3, 1, '2012-08-20 07:48:54', '2012-08-05 04:24:42'),
(4, 0, '2012-08-16 07:09:04', '2012-08-16 07:03:50'),
(5, 0, '2012-08-16 07:07:02', '2012-08-16 07:07:02');
-- --------------------------------------------------------
INSERT INTO `lc_orders_status_info` (`id`, `order_status_id`, `language_code`, `name`, `description`) VALUES
(1, 1, 'en', 'Pending', ''),
(2, 2, 'en', 'Processing', ''),
(3, 3, 'en', 'Completed', ''),
(4, 4, 'en', 'Awaiting payment', ''),
(5, 5, 'en', 'Cancelled', '');
