SET SQL_MODE = "NO_AUTO_VALUE_ON_ZERO";
-- --------------------------------------------------------
INSERT INTO `lc_countries` (`id`, `status`, `name`, `domestic_name`, `iso_code_1`, `iso_code_2`, `iso_code_3`, `address_format`, `postcode_required`, `currency_code`, `phone_code`, `date_updated`, `date_created`) VALUES
(1, 1, 'Afghanistan', '', '004', 'AF', 'AFG', '%company\r\n%firstname %lastname\r\n%address1\r\n%address2\r\n%postcode %city\r\n%zone_name\r\n%country_name', 0, 'AFN', '93', '2014-08-23 08:44:59', '2013-12-28 09:17:01'),
(2, 1, 'Albania', '', '008', 'AL', 'ALB', '%company\r\n%firstname %lastname\r\n%address1\r\n%address2\r\n%postcode %city\r\n%zone_name\r\n%country_name', 0, 'ALL', '355', '2013-12-28 09:17:01', '2013-12-28 09:17:01'),
(3, 1, 'Algeria', '', '012', 'DZ', 'DZA', '%company\r\n%firstname %lastname\r\n%address1\r\n%address2\r\n%postcode %city\r\n%zone_name\r\n%country_name', 0, 'DZD', '213', '2013-12-28 09:17:01', '2013-12-28 09:17:01'),
(4, 1, 'American Samoa', '', '016', 'AS', 'ASM', '%company\r\n%firstname %lastname\r\n%address1\r\n%address2\r\n%postcode %city\r\n%zone_name\r\n%country_name', 0, 'USD', '168', '2013-12-28 09:17:01', '2013-12-28 09:17:01'),
(5, 1, 'Andorra', '', '020', 'AD', 'AND', '%company\r\n%firstname %lastname\r\n%address1\r\n%address2\r\n%postcode %city\r\n%zone_name\r\n%country_name', 0, 'EUR', '376', '2013-12-28 09:17:01', '2013-12-28 09:17:01'),
(6, 1, 'Angola', '', '024', 'AO', 'AGO', '%company\r\n%firstname %lastname\r\n%address1\r\n%address2\r\n%postcode %city\r\n%zone_name\r\n%country_name', 0, 'AOA', '244', '2013-12-28 09:17:01', '2013-12-28 09:17:01'),
(7, 1, 'Anguilla', '', '660', 'AI', 'AIA', '%company\r\n%firstname %lastname\r\n%address1\r\n%address2\r\n%postcode %city\r\n%zone_name\r\n%country_name', 0, 'XCD', '126', '2013-12-28 09:17:01', '2013-12-28 09:17:01'),
(8, 1, 'Antarctica', '', '010', 'AQ', 'ATA', '%company\r\n%firstname %lastname\r\n%address1\r\n%address2\r\n%postcode %city\r\n%zone_name\r\n%country_name', 0, 'XCD', '672', '2013-12-28 09:17:01', '2013-12-28 09:17:01'),
(9, 1, 'Antigua and Barbuda', '', '028', 'AG', 'ATG', '%company\r\n%firstname %lastname\r\n%address1\r\n%address2\r\n%postcode %city\r\n%zone_name\r\n%country_name', 0, 'XCD', '126', '2013-12-28 09:17:01', '2013-12-28 09:17:01'),
(10, 1, 'Argentina', '', '032', 'AR', 'ARG', '%company\r\n%firstname %lastname\r\n%address1\r\n%address2\r\n%postcode %city\r\n%zone_name\r\n%country_name', 0, 'ARS', '54', '2013-12-28 09:17:01', '2013-12-28 09:17:01'),
(11, 1, 'Armenia', '', '051', 'AM', 'ARM', '%company\r\n%firstname %lastname\r\n%address1\r\n%address2\r\n%postcode %city\r\n%zone_name\r\n%country_name', 0, 'AMD', '374', '2013-12-28 09:17:01', '2013-12-28 09:17:01'),
(12, 1, 'Aruba', '', '533', 'AW', 'ABW', '%company\r\n%firstname %lastname\r\n%address1\r\n%address2\r\n%postcode %city\r\n%zone_name\r\n%country_name', 0, 'AWG', '297', '2013-12-28 09:17:01', '2013-12-28 09:17:01'),
(13, 1, 'Australia', '', '036', 'AU', 'AUS', '%company\r\n%firstname %lastname\r\n%address1\r\n%address2\r\n%postcode %city\r\n%zone_name\r\n%country_name', 0, 'AUD', '61', '2013-12-28 09:17:01', '2013-12-28 09:17:01'),
(14, 1, 'Austria', '', '040', 'AT', 'AUT', '%company\r\n%firstname %lastname\r\n%address1\r\n%address2\r\n%postcode %city\r\n%zone_name\r\n%country_name', 0, 'EUR', '43', '2013-12-28 09:17:01', '2013-12-28 09:17:01'),
(15, 1, 'Azerbaijan', '', '031', 'AZ', 'AZE', '%company\r\n%firstname %lastname\r\n%address1\r\n%address2\r\n%postcode %city\r\n%zone_name\r\n%country_name', 0, 'AZN', '994', '2013-12-28 09:17:01', '2013-12-28 09:17:01'),
(16, 1, 'Bahamas', '', '044', 'BS', 'BHS', '%company\r\n%firstname %lastname\r\n%address1\r\n%address2\r\n%postcode %city\r\n%zone_name\r\n%country_name', 0, 'BSD', '124', '2013-12-28 09:17:01', '2013-12-28 09:17:01'),
(17, 1, 'Bahrain', '', '048', 'BH', 'BHR', '%company\r\n%firstname %lastname\r\n%address1\r\n%address2\r\n%postcode %city\r\n%zone_name\r\n%country_name', 0, 'BHD', '973', '2013-12-28 09:17:01', '2013-12-28 09:17:01'),
(18, 1, 'Bangladesh', '', '050', 'BD', 'BGD', '%company\r\n%firstname %lastname\r\n%address1\r\n%address2\r\n%postcode %city\r\n%zone_name\r\n%country_name', 0, 'BDT', '880', '2013-12-28 09:17:01', '2013-12-28 09:17:01'),
(19, 1, 'Barbados', '', '052', 'BB', 'BRB', '%company\r\n%firstname %lastname\r\n%address1\r\n%address2\r\n%postcode %city\r\n%zone_name\r\n%country_name', 0, 'BBD', '124', '2013-12-28 09:17:01', '2013-12-28 09:17:01'),
(20, 1, 'Belarus', '', '112', 'BY', 'BLR', '%company\r\n%firstname %lastname\r\n%address1\r\n%address2\r\n%postcode %city\r\n%zone_name\r\n%country_name', 0, 'BYR', '375', '2013-12-28 09:17:01', '2013-12-28 09:17:01'),
(21, 1, 'Belgium', '', '056', 'BE', 'BEL', '%company\r\n%firstname %lastname\r\n%address1\r\n%address2\r\n%postcode %city\r\n%zone_name\r\n%country_name', 0, 'EUR', '32', '2013-12-28 09:17:01', '2013-12-28 09:17:01'),
(22, 1, 'Belize', '', '084', 'BZ', 'BLZ', '%company\r\n%firstname %lastname\r\n%address1\r\n%address2\r\n%postcode %city\r\n%zone_name\r\n%country_name', 0, 'BZD', '501', '2013-12-28 09:17:01', '2013-12-28 09:17:01'),
(23, 1, 'Benin', '', '204', 'BJ', 'BEN', '%company\r\n%firstname %lastname\r\n%address1\r\n%address2\r\n%postcode %city\r\n%zone_name\r\n%country_name', 0, 'XOF', '229', '2013-12-28 09:17:01', '2013-12-28 09:17:01'),
(24, 1, 'Bermuda', '', '060', 'BM', 'BMU', '%company\r\n%firstname %lastname\r\n%address1\r\n%address2\r\n%postcode %city\r\n%zone_name\r\n%country_name', 0, 'BMD', '144', '2013-12-28 09:17:01', '2013-12-28 09:17:01'),
(25, 1, 'Bhutan', '', '064', 'BT', 'BTN', '%company\r\n%firstname %lastname\r\n%address1\r\n%address2\r\n%postcode %city\r\n%zone_name\r\n%country_name', 0, 'BTN', '975', '2013-12-28 09:17:01', '2013-12-28 09:17:01'),
(26, 1, 'Bolivia', '', '068', 'BO', 'BOL', '%company\r\n%firstname %lastname\r\n%address1\r\n%address2\r\n%postcode %city\r\n%zone_name\r\n%country_name', 0, 'BOB', '591', '2013-12-28 09:17:01', '2013-12-28 09:17:01'),
(27, 1, 'Bosnia and Herzegowina', '', '070', 'BA', 'BIH', '%company\r\n%firstname %lastname\r\n%address1\r\n%address2\r\n%postcode %city\r\n%zone_name\r\n%country_name', 0, 'BAM', '387', '2013-12-28 09:17:01', '2013-12-28 09:17:01'),
(28, 1, 'Botswana', '', '072', 'BW', 'BWA', '%company\r\n%firstname %lastname\r\n%address1\r\n%address2\r\n%postcode %city\r\n%zone_name\r\n%country_name', 0, 'BWP', '267', '2013-12-28 09:17:01', '2013-12-28 09:17:01'),
(29, 1, 'Bouvet Island', '', '074', 'BV', 'BVT', '%company\r\n%firstname %lastname\r\n%address1\r\n%address2\r\n%postcode %city\r\n%zone_name\r\n%country_name', 0, 'NOK', '47', '2013-12-28 09:17:01', '2013-12-28 09:17:01'),
(30, 1, 'Brazil', '', '076', 'BR', 'BRA', '%company\r\n%firstname %lastname\r\n%address1\r\n%address2\r\n%postcode %city\r\n%zone_name\r\n%country_name', 0, 'BRL', '55', '2013-12-28 09:17:01', '2013-12-28 09:17:01'),
(31, 1, 'British Indian Ocean Territory', '', '086', 'IO', 'IOT', '%company\r\n%firstname %lastname\r\n%address1\r\n%address2\r\n%postcode %city\r\n%zone_name\r\n%country_name', 0, 'USD', '246', '2013-12-28 09:17:01', '2013-12-28 09:17:01'),
(32, 1, 'Brunei Darussalam', '', '096', 'BN', 'BRN', '%company\r\n%firstname %lastname\r\n%address1\r\n%address2\r\n%postcode %city\r\n%zone_name\r\n%country_name', 0, 'BND', '673', '2013-12-28 09:17:01', '2013-12-28 09:17:01'),
(33, 1, 'Bulgaria', '', '100', 'BG', 'BGR', '%company\r\n%firstname %lastname\r\n%address1\r\n%address2\r\n%postcode %city\r\n%zone_name\r\n%country_name', 0, 'BGN', '359', '2013-12-28 09:17:01', '2013-12-28 09:17:01'),
(34, 1, 'Burkina Faso', '', '854', 'BF', 'BFA', '%company\r\n%firstname %lastname\r\n%address1\r\n%address2\r\n%postcode %city\r\n%zone_name\r\n%country_name', 0, 'XOF', '226', '2013-12-28 09:17:01', '2013-12-28 09:17:01'),
(35, 1, 'Burundi', '', '108', 'BI', 'BDI', '%company\r\n%firstname %lastname\r\n%address1\r\n%address2\r\n%postcode %city\r\n%zone_name\r\n%country_name', 0, 'BIF', '257', '2013-12-28 09:17:01', '2013-12-28 09:17:01'),
(36, 1, 'Cambodia', '', '116', 'KH', 'KHM', '%company\r\n%firstname %lastname\r\n%address1\r\n%address2\r\n%postcode %city\r\n%zone_name\r\n%country_name', 0, 'KHR', '855', '2013-12-28 09:17:01', '2013-12-28 09:17:01'),
(37, 1, 'Cameroon', '', '120', 'CM', 'CMR', '%company\r\n%firstname %lastname\r\n%address1\r\n%address2\r\n%postcode %city\r\n%zone_name\r\n%country_name', 0, 'XAF', '237', '2013-12-28 09:17:01', '2013-12-28 09:17:01'),
(38, 1, 'Canada', '', '124', 'CA', 'CAN', '%company\r\n%firstname %lastname\r\n%address1\r\n%address2\r\n%postcode %city\r\n%zone_name\r\n%country_name', 0, 'CAD', '1', '2013-12-28 09:17:01', '2013-12-28 09:17:01'),
(39, 1, 'Cape Verde', '', '132', 'CV', 'CPV', '%company\r\n%firstname %lastname\r\n%address1\r\n%address2\r\n%postcode %city\r\n%zone_name\r\n%country_name', 0, 'CVE', '238', '2013-12-28 09:17:01', '2013-12-28 09:17:01'),
(40, 1, 'Cayman Islands', '', '136', 'KY', 'CYM', '%company\r\n%firstname %lastname\r\n%address1\r\n%address2\r\n%postcode %city\r\n%zone_name\r\n%country_name', 0, 'KYD', '134', '2013-12-28 09:17:01', '2013-12-28 09:17:01'),
(41, 1, 'Central African Republic', '', '140', 'CF', 'CAF', '%company\r\n%firstname %lastname\r\n%address1\r\n%address2\r\n%postcode %city\r\n%zone_name\r\n%country_name', 0, 'XAF', '236', '2013-12-28 09:17:01', '2013-12-28 09:17:01'),
(42, 1, 'Chad', '', '148', 'TD', 'TCD', '%company\r\n%firstname %lastname\r\n%address1\r\n%address2\r\n%postcode %city\r\n%zone_name\r\n%country_name', 0, 'XAF', '235', '2013-12-28 09:17:01', '2013-12-28 09:17:01'),
(43, 1, 'Chile', '', '152', 'CL', 'CHL', '%company\r\n%firstname %lastname\r\n%address1\r\n%address2\r\n%postcode %city\r\n%zone_name\r\n%country_name', 0, 'CLP', '56', '2013-12-28 09:17:01', '2013-12-28 09:17:01'),
(44, 1, 'China', '', '156', 'CN', 'CHN', '%company\r\n%firstname %lastname\r\n%address1\r\n%address2\r\n%postcode %city\r\n%zone_name\r\n%country_name', 0, 'CNY', '86', '2013-12-28 09:17:01', '2013-12-28 09:17:01'),
(45, 1, 'Christmas Island', '', '162', 'CX', 'CXR', '%company\r\n%firstname %lastname\r\n%address1\r\n%address2\r\n%postcode %city\r\n%zone_name\r\n%country_name', 0, 'AUD', '61', '2013-12-28 09:17:01', '2013-12-28 09:17:01'),
(46, 1, 'Cocos (Keeling) Islands', '', '166', 'CC', 'CCK', '%company\r\n%firstname %lastname\r\n%address1\r\n%address2\r\n%postcode %city\r\n%zone_name\r\n%country_name', 0, 'AUD', '61', '2013-12-28 09:17:01', '2013-12-28 09:17:01'),
(47, 1, 'Colombia', '', '170', 'CO', 'COL', '%company\r\n%firstname %lastname\r\n%address1\r\n%address2\r\n%postcode %city\r\n%zone_name\r\n%country_name', 0, 'COP', '57', '2013-12-28 09:17:01', '2013-12-28 09:17:01'),
(48, 1, 'Comoros', '', '174', 'KM', 'COM', '%company\r\n%firstname %lastname\r\n%address1\r\n%address2\r\n%postcode %city\r\n%zone_name\r\n%country_name', 0, 'KMF', '269', '2013-12-28 09:17:01', '2013-12-28 09:17:01'),
(49, 1, 'Congo', '', '178', 'CG', 'COG', '%company\r\n%firstname %lastname\r\n%address1\r\n%address2\r\n%postcode %city\r\n%zone_name\r\n%country_name', 0, 'XAF', '242', '2013-12-28 09:17:01', '2013-12-28 09:17:01'),
(50, 1, 'Cook Islands', '', '184', 'CK', 'COK', '%company\r\n%firstname %lastname\r\n%address1\r\n%address2\r\n%postcode %city\r\n%zone_name\r\n%country_name', 0, 'NZD', '682', '2013-12-28 09:17:01', '2013-12-28 09:17:01'),
(51, 1, 'Costa Rica', '', '188', 'CR', 'CRI', '%company\r\n%firstname %lastname\r\n%address1\r\n%address2\r\n%postcode %city\r\n%zone_name\r\n%country_name', 0, 'CRC', '506', '2013-12-28 09:17:01', '2013-12-28 09:17:01'),
(52, 1, 'Cote D''Ivoire', '', '384', 'CI', 'CIV', '%company\r\n%firstname %lastname\r\n%address1\r\n%address2\r\n%postcode %city\r\n%zone_name\r\n%country_name', 0, 'XOF', '225', '2013-12-28 09:17:01', '2013-12-28 09:17:01'),
(53, 1, 'Croatia', '', '191', 'HR', 'HRV', '%company\r\n%firstname %lastname\r\n%address1\r\n%address2\r\n%postcode %city\r\n%zone_name\r\n%country_name', 0, 'HRK', '385', '2013-12-28 09:17:01', '2013-12-28 09:17:01'),
(54, 1, 'Cuba', '', '192', 'CU', 'CUB', '%company\r\n%firstname %lastname\r\n%address1\r\n%address2\r\n%postcode %city\r\n%zone_name\r\n%country_name', 0, 'CUP', '53', '2013-12-28 09:17:01', '2013-12-28 09:17:01'),
(55, 1, 'Cyprus', '', '196', 'CY', 'CYP', '%company\r\n%firstname %lastname\r\n%address1\r\n%address2\r\n%postcode %city\r\n%zone_name\r\n%country_name', 0, 'EUR', '357', '2013-12-28 09:17:01', '2013-12-28 09:17:01'),
(56, 1, 'Czech Republic', '', '203', 'CZ', 'CZE', '%company\r\n%firstname %lastname\r\n%address1\r\n%address2\r\n%postcode %city\r\n%zone_name\r\n%country_name', 0, 'CZK', '420', '2013-12-28 09:17:01', '2013-12-28 09:17:01'),
(57, 1, 'Denmark', '', '208', 'DK', 'DNK', '%company\r\n%firstname %lastname\r\n%address1\r\n%address2\r\n%postcode %city\r\n%zone_name\r\n%country_name', 0, 'DKK', '45', '2013-12-28 09:17:01', '2013-12-28 09:17:01'),
(58, 1, 'Djibouti', '', '262', 'DJ', 'DJI', '%company\r\n%firstname %lastname\r\n%address1\r\n%address2\r\n%postcode %city\r\n%zone_name\r\n%country_name', 0, 'DJF', '253', '2013-12-28 09:17:01', '2013-12-28 09:17:01'),
(59, 1, 'Dominica', '', '212', 'DM', 'DMA', '%company\r\n%firstname %lastname\r\n%address1\r\n%address2\r\n%postcode %city\r\n%zone_name\r\n%country_name', 0, 'XCD', '176', '2013-12-28 09:17:01', '2013-12-28 09:17:01'),
(60, 1, 'Dominican Republic', '', '214', 'DO', 'DOM', '%company\r\n%firstname %lastname\r\n%address1\r\n%address2\r\n%postcode %city\r\n%zone_name\r\n%country_name', 0, 'DOP', '180', '2013-12-28 09:17:01', '2013-12-28 09:17:01'),
(61, 1, 'East Timor', '', '626', 'TP', 'TMP', '%company\r\n%firstname %lastname\r\n%address1\r\n%address2\r\n%postcode %city\r\n%zone_name\r\n%country_name', 0, 'USD', '670', '2013-12-28 09:17:01', '2013-12-28 09:17:01'),
(62, 1, 'Ecuador', '', '218', 'EC', 'ECU', '%company\r\n%firstname %lastname\r\n%address1\r\n%address2\r\n%postcode %city\r\n%zone_name\r\n%country_name', 0, 'ECS', '593', '2013-12-28 09:17:01', '2013-12-28 09:17:01'),
(63, 1, 'Egypt', '', '818', 'EG', 'EGY', '%company\r\n%firstname %lastname\r\n%address1\r\n%address2\r\n%postcode %city\r\n%zone_name\r\n%country_name', 0, 'EGP', '20', '2013-12-28 09:17:01', '2013-12-28 09:17:01'),
(64, 1, 'El Salvador', '', '222', 'SV', 'SLV', '%company\r\n%firstname %lastname\r\n%address1\r\n%address2\r\n%postcode %city\r\n%zone_name\r\n%country_name', 0, 'SVC', '503', '2013-12-28 09:17:01', '2013-12-28 09:17:01'),
(65, 1, 'Equatorial Guinea', '', '226', 'GQ', 'GNQ', '%company\r\n%firstname %lastname\r\n%address1\r\n%address2\r\n%postcode %city\r\n%zone_name\r\n%country_name', 0, 'XAF', '240', '2013-12-28 09:17:01', '2013-12-28 09:17:01'),
(66, 1, 'Eritrea', '', '232', 'ER', 'ERI', '%company\r\n%firstname %lastname\r\n%address1\r\n%address2\r\n%postcode %city\r\n%zone_name\r\n%country_name', 0, 'ERN', '291', '2013-12-28 09:17:01', '2013-12-28 09:17:01'),
(67, 1, 'Estonia', '', '233', 'EE', 'EST', '%company\r\n%firstname %lastname\r\n%address1\r\n%address2\r\n%postcode %city\r\n%zone_name\r\n%country_name', 0, 'EUR', '372', '2013-12-28 09:17:01', '2013-12-28 09:17:01'),
(68, 1, 'Ethiopia', '', '231', 'ET', 'ETH', '%company\r\n%firstname %lastname\r\n%address1\r\n%address2\r\n%postcode %city\r\n%zone_name\r\n%country_name', 0, 'ETB', '251', '2013-12-28 09:17:01', '2013-12-28 09:17:01'),
(69, 1, 'Falkland Islands (Malvinas)', '', '238', 'FK', 'FLK', '%company\r\n%firstname %lastname\r\n%address1\r\n%address2\r\n%postcode %city\r\n%zone_name\r\n%country_name', 0, 'FKP', '500', '2013-12-28 09:17:01', '2013-12-28 09:17:01'),
(70, 1, 'Faroe Islands', '', '234', 'FO', 'FRO', '%company\r\n%firstname %lastname\r\n%address1\r\n%address2\r\n%postcode %city\r\n%zone_name\r\n%country_name', 0, 'DKK', '298', '2013-12-28 09:17:01', '2013-12-28 09:17:01'),
(71, 1, 'Fiji', '', '242', 'FJ', 'FJI', '%company\r\n%firstname %lastname\r\n%address1\r\n%address2\r\n%postcode %city\r\n%zone_name\r\n%country_name', 0, 'FJD', '679', '2013-12-28 09:17:01', '2013-12-28 09:17:01'),
(72, 1, 'Finland', '', '246', 'FI', 'FIN', '%company\r\n%firstname %lastname\r\n%address1\r\n%address2\r\n%postcode %city\r\n%zone_name\r\n%country_name', 0, 'EUR', '358', '2013-12-28 09:17:01', '2013-12-28 09:17:01'),
(73, 1, 'France', '', '250', 'FR', 'FRA', '%company\r\n%firstname %lastname\r\n%address1\r\n%address2\r\n%postcode %city\r\n%zone_name\r\n%country_name', 0, 'EUR', '33', '2013-12-28 09:17:01', '2013-12-28 09:17:01'),
(74, 1, 'France, Metropolitan', '', '249', 'FX', 'FXX', '%company\r\n%firstname %lastname\r\n%address1\r\n%address2\r\n%postcode %city\r\n%zone_name\r\n%country_name', 0, 'EUR', '33', '2013-12-28 09:17:01', '2013-12-28 09:17:01'),
(75, 1, 'French Guiana', '', '254', 'GF', 'GUF', '%company\r\n%firstname %lastname\r\n%address1\r\n%address2\r\n%postcode %city\r\n%zone_name\r\n%country_name', 0, 'EUR', '594', '2013-12-28 09:17:01', '2013-12-28 09:17:01'),
(76, 1, 'French Polynesia', '', '258', 'PF', 'PYF', '%company\r\n%firstname %lastname\r\n%address1\r\n%address2\r\n%postcode %city\r\n%zone_name\r\n%country_name', 0, 'XPF', '689', '2013-12-28 09:17:01', '2013-12-28 09:17:01'),
(77, 1, 'French Southern Territories', '', '260', 'TF', 'ATF', '%company\r\n%firstname %lastname\r\n%address1\r\n%address2\r\n%postcode %city\r\n%zone_name\r\n%country_name', 0, 'EUR', '262', '2013-12-28 09:17:01', '2013-12-28 09:17:01'),
(78, 1, 'Gabon', '', '266', 'GA', 'GAB', '%company\r\n%firstname %lastname\r\n%address1\r\n%address2\r\n%postcode %city\r\n%zone_name\r\n%country_name', 0, 'XAF', '241', '2013-12-28 09:17:01', '2013-12-28 09:17:01'),
(79, 1, 'Gambia', '', '270', 'GM', 'GMB', '%company\r\n%firstname %lastname\r\n%address1\r\n%address2\r\n%postcode %city\r\n%zone_name\r\n%country_name', 0, 'GMD', '220', '2013-12-28 09:17:01', '2013-12-28 09:17:01'),
(80, 1, 'Georgia', '', '268', 'GE', 'GEO', '%company\r\n%firstname %lastname\r\n%address1\r\n%address2\r\n%postcode %city\r\n%zone_name\r\n%country_name', 0, 'GEL', '995', '2013-12-28 09:17:01', '2013-12-28 09:17:01'),
(81, 1, 'Germany', '', '276', 'DE', 'DEU', '%company\r\n%firstname %lastname\r\n%address1\r\n%address2\r\n%postcode %city\r\n%zone_name\r\n%country_name', 0, 'EUR', '49', '2013-12-28 09:17:01', '2013-12-28 09:17:01'),
(82, 1, 'Ghana', '', '288', 'GH', 'GHA', '%company\r\n%firstname %lastname\r\n%address1\r\n%address2\r\n%postcode %city\r\n%zone_name\r\n%country_name', 0, 'GHS', '233', '2013-12-28 09:17:01', '2013-12-28 09:17:01'),
(83, 1, 'Gibraltar', '', '292', 'GI', 'GIB', '%company\r\n%firstname %lastname\r\n%address1\r\n%address2\r\n%postcode %city\r\n%zone_name\r\n%country_name', 0, 'GIP', '350', '2013-12-28 09:17:01', '2013-12-28 09:17:01'),
(84, 1, 'Greece', '', '300', 'GR', 'GRC', '%company\r\n%firstname %lastname\r\n%address1\r\n%address2\r\n%postcode %city\r\n%zone_name\r\n%country_name', 0, 'EUR', '30', '2013-12-28 09:17:01', '2013-12-28 09:17:01'),
(85, 1, 'Greenland', '', '304', 'GL', 'GRL', '%company\r\n%firstname %lastname\r\n%address1\r\n%address2\r\n%postcode %city\r\n%zone_name\r\n%country_name', 0, 'DKK', '299', '2013-12-28 09:17:01', '2013-12-28 09:17:01'),
(86, 1, 'Grenada', '', '308', 'GD', 'GRD', '%company\r\n%firstname %lastname\r\n%address1\r\n%address2\r\n%postcode %city\r\n%zone_name\r\n%country_name', 0, 'XCD', '147', '2013-12-28 09:17:01', '2013-12-28 09:17:01'),
(87, 1, 'Guadeloupe', '', '312', 'GP', 'GLP', '%company\r\n%firstname %lastname\r\n%address1\r\n%address2\r\n%postcode %city\r\n%zone_name\r\n%country_name', 0, 'EUR', '590', '2013-12-28 09:17:01', '2013-12-28 09:17:01'),
(88, 1, 'Guam', '', '316', 'GU', 'GUM', '%company\r\n%firstname %lastname\r\n%address1\r\n%address2\r\n%postcode %city\r\n%zone_name\r\n%country_name', 0, 'USD', '167', '2013-12-28 09:17:01', '2013-12-28 09:17:01'),
(89, 1, 'Guatemala', '', '320', 'GT', 'GTM', '%company\r\n%firstname %lastname\r\n%address1\r\n%address2\r\n%postcode %city\r\n%zone_name\r\n%country_name', 0, 'QTQ', '502', '2013-12-28 09:17:01', '2013-12-28 09:17:01'),
(90, 1, 'Guinea', '', '324', 'GN', 'GIN', '%company\r\n%firstname %lastname\r\n%address1\r\n%address2\r\n%postcode %city\r\n%zone_name\r\n%country_name', 0, 'GNF', '224', '2013-12-28 09:17:01', '2013-12-28 09:17:01'),
(91, 1, 'Guinea-bissau', '', '624', 'GW', 'GNB', '%company\r\n%firstname %lastname\r\n%address1\r\n%address2\r\n%postcode %city\r\n%zone_name\r\n%country_name', 0, 'GWP', '245', '2013-12-28 09:17:01', '2013-12-28 09:17:01'),
(92, 1, 'Guyana', '', '328', 'GY', 'GUY', '%company\r\n%firstname %lastname\r\n%address1\r\n%address2\r\n%postcode %city\r\n%zone_name\r\n%country_name', 0, 'GYD', '592', '2013-12-28 09:17:01', '2013-12-28 09:17:01'),
(93, 1, 'Haiti', '', '332', 'HT', 'HTI', '%company\r\n%firstname %lastname\r\n%address1\r\n%address2\r\n%postcode %city\r\n%zone_name\r\n%country_name', 0, 'HTG', '509', '2013-12-28 09:17:01', '2013-12-28 09:17:01'),
(94, 1, 'Heard and McDonald Islands', '', '334', 'HM', 'HMD', '%company\r\n%firstname %lastname\r\n%address1\r\n%address2\r\n%postcode %city\r\n%zone_name\r\n%country_name', 0, 'AUD', '0', '2013-12-28 09:17:01', '2013-12-28 09:17:01'),
(95, 1, 'Honduras', '', '340', 'HN', 'HND', '%company\r\n%firstname %lastname\r\n%address1\r\n%address2\r\n%postcode %city\r\n%zone_name\r\n%country_name', 0, 'HNL', '504', '2013-12-28 09:17:01', '2013-12-28 09:17:01'),
(96, 1, 'Hong Kong', '', '344', 'HK', 'HKG', '%company\r\n%firstname %lastname\r\n%address1\r\n%address2\r\n%postcode %city\r\n%zone_name\r\n%country_name', 0, 'HKD', '852', '2013-12-28 09:17:01', '2013-12-28 09:17:01'),
(97, 1, 'Hungary', '', '348', 'HU', 'HUN', '%company\r\n%firstname %lastname\r\n%address1\r\n%address2\r\n%postcode %city\r\n%zone_name\r\n%country_name', 0, 'HUF', '36', '2013-12-28 09:17:01', '2013-12-28 09:17:01'),
(98, 1, 'Iceland', '', '352', 'IS', 'ISL', '%company\r\n%firstname %lastname\r\n%address1\r\n%address2\r\n%postcode %city\r\n%zone_name\r\n%country_name', 0, 'ISK', '354', '2013-12-28 09:17:01', '2013-12-28 09:17:01'),
(99, 1, 'India', '', '356', 'IN', 'IND', '%company\r\n%firstname %lastname\r\n%address1\r\n%address2\r\n%postcode %city\r\n%zone_name\r\n%country_name', 0, 'INR', '91', '2013-12-28 09:17:01', '2013-12-28 09:17:01'),
(100, 1, 'Indonesia', '', '360', 'ID', 'IDN', '%company\r\n%firstname %lastname\r\n%address1\r\n%address2\r\n%postcode %city\r\n%zone_name\r\n%country_name', 0, 'IDR', '62', '2013-12-28 09:17:01', '2013-12-28 09:17:01'),
(101, 1, 'Iran, Islamic Republic of', '', '364', 'IR', 'IRN', '%company\r\n%firstname %lastname\r\n%address1\r\n%address2\r\n%postcode %city\r\n%zone_name\r\n%country_name', 0, 'IRR', '98', '2013-12-28 09:17:01', '2013-12-28 09:17:01'),
(102, 1, 'Iraq', '', '368', 'IQ', 'IRQ', '%company\r\n%firstname %lastname\r\n%address1\r\n%address2\r\n%postcode %city\r\n%zone_name\r\n%country_name', 0, 'IQD', '964', '2013-12-28 09:17:01', '2013-12-28 09:17:01'),
(103, 1, 'Ireland', '', '372', 'IE', 'IRL', '%company\r\n%firstname %lastname\r\n%address1\r\n%address2\r\n%postcode %city\r\n%zone_name\r\n%country_name', 0, 'EUR', '353', '2013-12-28 09:17:01', '2013-12-28 09:17:01'),
(104, 1, 'Israel', '', '376', 'IL', 'ISR', '%company\r\n%firstname %lastname\r\n%address1\r\n%address2\r\n%postcode %city\r\n%zone_name\r\n%country_name', 0, 'ILS', '972', '2013-12-28 09:17:01', '2013-12-28 09:17:01'),
(105, 1, 'Italy', '', '380', 'IT', 'ITA', '%company\r\n%firstname %lastname\r\n%address1\r\n%address2\r\n%postcode %city\r\n%zone_name\r\n%country_name', 0, 'EUR', '39', '2013-12-28 09:17:01', '2013-12-28 09:17:01'),
(106, 1, 'Jamaica', '', '388', 'JM', 'JAM', '%company\r\n%firstname %lastname\r\n%address1\r\n%address2\r\n%postcode %city\r\n%zone_name\r\n%country_name', 0, 'JMD', '187', '2013-12-28 09:17:01', '2013-12-28 09:17:01'),
(107, 1, 'Japan', '', '392', 'JP', 'JPN', '%company\r\n%firstname %lastname\r\n%address1\r\n%address2\r\n%postcode %city\r\n%zone_name\r\n%country_name', 0, 'JPY', '81', '2013-12-28 09:17:01', '2013-12-28 09:17:01'),
(108, 1, 'Jordan', '', '400', 'JO', 'JOR', '%company\r\n%firstname %lastname\r\n%address1\r\n%address2\r\n%postcode %city\r\n%zone_name\r\n%country_name', 0, 'JOD', '962', '2013-12-28 09:17:01', '2013-12-28 09:17:01'),
(109, 1, 'Kazakhstan', '', '398', 'KZ', 'KAZ', '%company\r\n%firstname %lastname\r\n%address1\r\n%address2\r\n%postcode %city\r\n%zone_name\r\n%country_name', 0, 'KZT', '7', '2013-12-28 09:17:01', '2013-12-28 09:17:01'),
(110, 1, 'Kenya', '', '404', 'KE', 'KEN', '%company\r\n%firstname %lastname\r\n%address1\r\n%address2\r\n%postcode %city\r\n%zone_name\r\n%country_name', 0, 'KES', '254', '2013-12-28 09:17:01', '2013-12-28 09:17:01'),
(111, 1, 'Kiribati', '', '296', 'KI', 'KIR', '%company\r\n%firstname %lastname\r\n%address1\r\n%address2\r\n%postcode %city\r\n%zone_name\r\n%country_name', 0, 'AUD', '686', '2013-12-28 09:17:01', '2013-12-28 09:17:01'),
(112, 1, 'North Korea', '', '408', 'KP', 'PRK', '%company\r\n%firstname %lastname\r\n%address1\r\n%address2\r\n%postcode %city\r\n%zone_name\r\n%country_name', 0, 'KPW', '850', '2013-12-28 09:17:01', '2013-12-28 09:17:01'),
(113, 1, 'Korea, Republic of', '', '410', 'KR', 'KOR', '%company\r\n%firstname %lastname\r\n%address1\r\n%address2\r\n%postcode %city\r\n%zone_name\r\n%country_name', 0, 'KRW', '82', '2013-12-28 09:17:01', '2013-12-28 09:17:01'),
(114, 1, 'Kuwait', '', '414', 'KW', 'KWT', '%company\r\n%firstname %lastname\r\n%address1\r\n%address2\r\n%postcode %city\r\n%zone_name\r\n%country_name', 0, 'KWD', '965', '2013-12-28 09:17:01', '2013-12-28 09:17:01'),
(115, 1, 'Kyrgyzstan', '', '417', 'KG', 'KGZ', '%company\r\n%firstname %lastname\r\n%address1\r\n%address2\r\n%postcode %city\r\n%zone_name\r\n%country_name', 0, 'KGS', '996', '2013-12-28 09:17:01', '2013-12-28 09:17:01'),
(116, 1, 'Lao People''s Democratic Republic', '', '418', 'LA', 'LAO', '%company\r\n%firstname %lastname\r\n%address1\r\n%address2\r\n%postcode %city\r\n%zone_name\r\n%country_name', 0, 'LAK', '856', '2013-12-28 09:17:01', '2013-12-28 09:17:01'),
(117, 1, 'Latvia', '', '428', 'LV', 'LVA', '%company\r\n%firstname %lastname\r\n%address1\r\n%address2\r\n%postcode %city\r\n%zone_name\r\n%country_name', 0, 'LVL', '371', '2013-12-28 09:17:01', '2013-12-28 09:17:01'),
(118, 1, 'Lebanon', '', '422', 'LB', 'LBN', '%company\r\n%firstname %lastname\r\n%address1\r\n%address2\r\n%postcode %city\r\n%zone_name\r\n%country_name', 0, 'LBP', '961', '2013-12-28 09:17:01', '2013-12-28 09:17:01'),
(119, 1, 'Lesotho', '', '426', 'LS', 'LSO', '%company\r\n%firstname %lastname\r\n%address1\r\n%address2\r\n%postcode %city\r\n%zone_name\r\n%country_name', 0, 'LSL', '266', '2013-12-28 09:17:01', '2013-12-28 09:17:01'),
(120, 1, 'Liberia', '', '430', 'LR', 'LBR', '%company\r\n%firstname %lastname\r\n%address1\r\n%address2\r\n%postcode %city\r\n%zone_name\r\n%country_name', 0, 'LRD', '231', '2013-12-28 09:17:01', '2013-12-28 09:17:01'),
(121, 1, 'Libyan Arab Jamahiriya', '', '434', 'LY', 'LBY', '%company\r\n%firstname %lastname\r\n%address1\r\n%address2\r\n%postcode %city\r\n%zone_name\r\n%country_name', 0, 'LYD', '218', '2013-12-28 09:17:01', '2013-12-28 09:17:01'),
(122, 1, 'Liechtenstein', '', '438', 'LI', 'LIE', '%company\r\n%firstname %lastname\r\n%address1\r\n%address2\r\n%postcode %city\r\n%zone_name\r\n%country_name', 0, 'CHF', '423', '2013-12-28 09:17:01', '2013-12-28 09:17:01'),
(123, 1, 'Lithuania', '', '440', 'LT', 'LTU', '%company\r\n%firstname %lastname\r\n%address1\r\n%address2\r\n%postcode %city\r\n%zone_name\r\n%country_name', 0, 'LTL', '370', '2013-12-28 09:17:01', '2013-12-28 09:17:01'),
(124, 1, 'Luxembourg', '', '442', 'LU', 'LUX', '%company\r\n%firstname %lastname\r\n%address1\r\n%address2\r\n%postcode %city\r\n%zone_name\r\n%country_name', 0, 'EUR', '352', '2013-12-28 09:17:01', '2013-12-28 09:17:01'),
(125, 1, 'Macau', '', '446', 'MO', 'MAC', '%company\r\n%firstname %lastname\r\n%address1\r\n%address2\r\n%postcode %city\r\n%zone_name\r\n%country_name', 0, 'MOP', '853', '2013-12-28 09:17:01', '2013-12-28 09:17:01'),
(126, 1, 'Macedonia', '', '807', 'MK', 'MKD', '%company\r\n%firstname %lastname\r\n%address1\r\n%address2\r\n%postcode %city\r\n%zone_name\r\n%country_name', 0, 'MKD', '389', '2013-12-28 09:17:01', '2013-12-28 09:17:01'),
(127, 1, 'Madagascar', '', '450', 'MG', 'MDG', '%company\r\n%firstname %lastname\r\n%address1\r\n%address2\r\n%postcode %city\r\n%zone_name\r\n%country_name', 0, 'MGF', '261', '2013-12-28 09:17:01', '2013-12-28 09:17:01'),
(128, 1, 'Malawi', '', '454', 'MW', 'MWI', '%company\r\n%firstname %lastname\r\n%address1\r\n%address2\r\n%postcode %city\r\n%zone_name\r\n%country_name', 0, 'MWK', '265', '2013-12-28 09:17:01', '2013-12-28 09:17:01'),
(129, 1, 'Malaysia', '', '458', 'MY', 'MYS', '%company\r\n%firstname %lastname\r\n%address1\r\n%address2\r\n%postcode %city\r\n%zone_name\r\n%country_name', 0, 'MYR', '60', '2013-12-28 09:17:01', '2013-12-28 09:17:01'),
(130, 1, 'Maldives', '', '462', 'MV', 'MDV', '%company\r\n%firstname %lastname\r\n%address1\r\n%address2\r\n%postcode %city\r\n%zone_name\r\n%country_name', 0, 'MVR', '960', '2013-12-28 09:17:01', '2013-12-28 09:17:01'),
(131, 1, 'Mali', '', '466', 'ML', 'MLI', '%company\r\n%firstname %lastname\r\n%address1\r\n%address2\r\n%postcode %city\r\n%zone_name\r\n%country_name', 0, 'XOF', '223', '2013-12-28 09:17:01', '2013-12-28 09:17:01'),
(132, 1, 'Malta', '', '470', 'MT', 'MLT', '%company\r\n%firstname %lastname\r\n%address1\r\n%address2\r\n%postcode %city\r\n%zone_name\r\n%country_name', 0, 'EUR', '356', '2013-12-28 09:17:01', '2013-12-28 09:17:01'),
(133, 1, 'Marshall Islands', '', '584', 'MH', 'MHL', '%company\r\n%firstname %lastname\r\n%address1\r\n%address2\r\n%postcode %city\r\n%zone_name\r\n%country_name', 0, 'USD', '692', '2013-12-28 09:17:01', '2013-12-28 09:17:01'),
(134, 1, 'Martinique', '', '474', 'MQ', 'MTQ', '%company\r\n%firstname %lastname\r\n%address1\r\n%address2\r\n%postcode %city\r\n%zone_name\r\n%country_name', 0, 'EUR', '596', '2013-12-28 09:17:01', '2013-12-28 09:17:01'),
(135, 1, 'Mauritania', '', '478', 'MR', 'MRT', '%company\r\n%firstname %lastname\r\n%address1\r\n%address2\r\n%postcode %city\r\n%zone_name\r\n%country_name', 0, 'MRO', '222', '2013-12-28 09:17:01', '2013-12-28 09:17:01'),
(136, 1, 'Mauritius', '', '480', 'MU', 'MUS', '%company\r\n%firstname %lastname\r\n%address1\r\n%address2\r\n%postcode %city\r\n%zone_name\r\n%country_name', 0, 'MUR', '230', '2013-12-28 09:17:01', '2013-12-28 09:17:01'),
(137, 1, 'Mayotte', '', '175', 'YT', 'MYT', '%company\r\n%firstname %lastname\r\n%address1\r\n%address2\r\n%postcode %city\r\n%zone_name\r\n%country_name', 0, 'EUR', '262', '2013-12-28 09:17:01', '2013-12-28 09:17:01'),
(138, 1, 'Mexico', '', '484', 'MX', 'MEX', '%company\r\n%firstname %lastname\r\n%address1\r\n%address2\r\n%postcode %city\r\n%zone_name\r\n%country_name', 0, 'MXN', '52', '2013-12-28 09:17:01', '2013-12-28 09:17:01'),
(139, 1, 'Micronesia, Federated States of', '', '583', 'FM', 'FSM', '%company\r\n%firstname %lastname\r\n%address1\r\n%address2\r\n%postcode %city\r\n%zone_name\r\n%country_name', 0, 'USD', '691', '2013-12-28 09:17:01', '2013-12-28 09:17:01'),
(140, 1, 'Moldova, Republic of', '', '498', 'MD', 'MDA', '%company\r\n%firstname %lastname\r\n%address1\r\n%address2\r\n%postcode %city\r\n%zone_name\r\n%country_name', 0, 'MDL', '373', '2013-12-28 09:17:01', '2013-12-28 09:17:01'),
(141, 1, 'Monaco', '', '492', 'MC', 'MCO', '%company\r\n%firstname %lastname\r\n%address1\r\n%address2\r\n%postcode %city\r\n%zone_name\r\n%country_name', 0, 'EUR', '377', '2013-12-28 09:17:01', '2013-12-28 09:17:01'),
(142, 1, 'Mongolia', '', '496', 'MN', 'MNG', '%company\r\n%firstname %lastname\r\n%address1\r\n%address2\r\n%postcode %city\r\n%zone_name\r\n%country_name', 0, 'MNT', '976', '2013-12-28 09:17:01', '2013-12-28 09:17:01'),
(143, 1, 'Montserrat', '', '500', 'MS', 'MSR', '%company\r\n%firstname %lastname\r\n%address1\r\n%address2\r\n%postcode %city\r\n%zone_name\r\n%country_name', 0, 'XCD', '166', '2013-12-28 09:17:01', '2013-12-28 09:17:01'),
(144, 1, 'Morocco', '', '504', 'MA', 'MAR', '%company\r\n%firstname %lastname\r\n%address1\r\n%address2\r\n%postcode %city\r\n%zone_name\r\n%country_name', 0, 'MAD', '212', '2013-12-28 09:17:01', '2013-12-28 09:17:01'),
(145, 1, 'Mozambique', '', '508', 'MZ', 'MOZ', '%company\r\n%firstname %lastname\r\n%address1\r\n%address2\r\n%postcode %city\r\n%zone_name\r\n%country_name', 0, 'MZN', '258', '2013-12-28 09:17:01', '2013-12-28 09:17:01'),
(146, 1, 'Myanmar', '', '104', 'MM', 'MMR', '%company\r\n%firstname %lastname\r\n%address1\r\n%address2\r\n%postcode %city\r\n%zone_name\r\n%country_name', 0, 'MMK', '95', '2013-12-28 09:17:01', '2013-12-28 09:17:01'),
(147, 1, 'Namibia', '', '516', 'NA', 'NAM', '%company\r\n%firstname %lastname\r\n%address1\r\n%address2\r\n%postcode %city\r\n%zone_name\r\n%country_name', 0, 'NAD', '264', '2013-12-28 09:17:01', '2013-12-28 09:17:01'),
(148, 1, 'Nauru', '', '520', 'NR', 'NRU', '%company\r\n%firstname %lastname\r\n%address1\r\n%address2\r\n%postcode %city\r\n%zone_name\r\n%country_name', 0, 'AUD', '674', '2013-12-28 09:17:01', '2013-12-28 09:17:01'),
(149, 1, 'Nepal', '', '524', 'NP', 'NPL', '%company\r\n%firstname %lastname\r\n%address1\r\n%address2\r\n%postcode %city\r\n%zone_name\r\n%country_name', 0, 'NPR', '977', '2013-12-28 09:17:01', '2013-12-28 09:17:01'),
(150, 1, 'Netherlands', '', '528', 'NL', 'NLD', '%company\r\n%firstname %lastname\r\n%address1\r\n%address2\r\n%postcode %city\r\n%zone_name\r\n%country_name', 0, 'EUR', '31', '2013-12-28 09:17:01', '2013-12-28 09:17:01'),
(151, 1, 'Netherlands Antilles', '', '530', 'AN', 'ANT', '%company\r\n%firstname %lastname\r\n%address1\r\n%address2\r\n%postcode %city\r\n%zone_name\r\n%country_name', 0, 'ANG', '599', '2013-12-28 09:17:01', '2013-12-28 09:17:01'),
(152, 1, 'New Caledonia', '', '540', 'NC', 'NCL', '%company\r\n%firstname %lastname\r\n%address1\r\n%address2\r\n%postcode %city\r\n%zone_name\r\n%country_name', 0, 'XPF', '687', '2013-12-28 09:17:01', '2013-12-28 09:17:01'),
(153, 1, 'New Zealand', '', '554', 'NZ', 'NZL', '%company\r\n%firstname %lastname\r\n%address1\r\n%address2\r\n%postcode %city\r\n%zone_name\r\n%country_name', 0, 'NZD', '64', '2013-12-28 09:17:01', '2013-12-28 09:17:01'),
(154, 1, 'Nicaragua', '', '558', 'NI', 'NIC', '%company\r\n%firstname %lastname\r\n%address1\r\n%address2\r\n%postcode %city\r\n%zone_name\r\n%country_name', 0, 'NIO', '505', '2013-12-28 09:17:01', '2013-12-28 09:17:01'),
(155, 1, 'Niger', '', '562', 'NE', 'NER', '%company\r\n%firstname %lastname\r\n%address1\r\n%address2\r\n%postcode %city\r\n%zone_name\r\n%country_name', 0, 'XOF', '227', '2013-12-28 09:17:01', '2013-12-28 09:17:01'),
(156, 1, 'Nigeria', '', '566', 'NG', 'NGA', '%company\r\n%firstname %lastname\r\n%address1\r\n%address2\r\n%postcode %city\r\n%zone_name\r\n%country_name', 0, 'NGN', '234', '2013-12-28 09:17:01', '2013-12-28 09:17:01'),
(157, 1, 'Niue', '', '570', 'NU', 'NIU', '%company\r\n%firstname %lastname\r\n%address1\r\n%address2\r\n%postcode %city\r\n%zone_name\r\n%country_name', 0, 'NZD', '683', '2013-12-28 09:17:01', '2013-12-28 09:17:01'),
(158, 1, 'Norfolk Island', '', '574', 'NF', 'NFK', '%company\r\n%firstname %lastname\r\n%address1\r\n%address2\r\n%postcode %city\r\n%zone_name\r\n%country_name', 0, 'AUD', '672', '2013-12-28 09:17:01', '2013-12-28 09:17:01'),
(159, 1, 'Northern Mariana Islands', '', '580', 'MP', 'MNP', '%company\r\n%firstname %lastname\r\n%address1\r\n%address2\r\n%postcode %city\r\n%zone_name\r\n%country_name', 0, 'USD', '167', '2013-12-28 09:17:01', '2013-12-28 09:17:01'),
(160, 1, 'Norway', '', '578', 'NO', 'NOR', '%company\r\n%firstname %lastname\r\n%address1\r\n%address2\r\n%postcode %city\r\n%zone_name\r\n%country_name', 0, 'NOK', '47', '2013-12-28 09:17:01', '2013-12-28 09:17:01'),
(161, 1, 'Oman', '', '512', 'OM', 'OMN', '%company\r\n%firstname %lastname\r\n%address1\r\n%address2\r\n%postcode %city\r\n%zone_name\r\n%country_name', 0, 'OMR', '968', '2013-12-28 09:17:01', '2013-12-28 09:17:01'),
(162, 1, 'Pakistan', '', '586', 'PK', 'PAK', '%company\r\n%firstname %lastname\r\n%address1\r\n%address2\r\n%postcode %city\r\n%zone_name\r\n%country_name', 0, 'PKR', '92', '2013-12-28 09:17:01', '2013-12-28 09:17:01'),
(163, 1, 'Palau', '', '585', 'PW', 'PLW', '%company\r\n%firstname %lastname\r\n%address1\r\n%address2\r\n%postcode %city\r\n%zone_name\r\n%country_name', 0, 'USD', '680', '2013-12-28 09:17:01', '2013-12-28 09:17:01'),
(164, 1, 'Panama', '', '591', 'PA', 'PAN', '%company\r\n%firstname %lastname\r\n%address1\r\n%address2\r\n%postcode %city\r\n%zone_name\r\n%country_name', 0, 'PAB', '507', '2013-12-28 09:17:01', '2013-12-28 09:17:01'),
(165, 1, 'Papua New Guinea', '', '598', 'PG', 'PNG', '%company\r\n%firstname %lastname\r\n%address1\r\n%address2\r\n%postcode %city\r\n%zone_name\r\n%country_name', 0, 'PGK', '675', '2013-12-28 09:17:01', '2013-12-28 09:17:01'),
(166, 1, 'Paraguay', '', '600', 'PY', 'PRY', '%company\r\n%firstname %lastname\r\n%address1\r\n%address2\r\n%postcode %city\r\n%zone_name\r\n%country_name', 0, 'PYG', '595', '2013-12-28 09:17:01', '2013-12-28 09:17:01'),
(167, 1, 'Peru', '', '604', 'PE', 'PER', '%company\r\n%firstname %lastname\r\n%address1\r\n%address2\r\n%postcode %city\r\n%zone_name\r\n%country_name', 0, 'PEN', '51', '2013-12-28 09:17:01', '2013-12-28 09:17:01'),
(168, 1, 'Philippines', '', '608', 'PH', 'PHL', '%company\r\n%firstname %lastname\r\n%address1\r\n%address2\r\n%postcode %city\r\n%zone_name\r\n%country_name', 0, 'PHP', '63', '2013-12-28 09:17:01', '2013-12-28 09:17:01'),
(169, 1, 'Pitcairn', '', '612', 'PN', 'PCN', '%company\r\n%firstname %lastname\r\n%address1\r\n%address2\r\n%postcode %city\r\n%zone_name\r\n%country_name', 0, 'NZD', '870', '2013-12-28 09:17:01', '2013-12-28 09:17:01'),
(170, 1, 'Poland', '', '616', 'PL', 'POL', '%company\r\n%firstname %lastname\r\n%address1\r\n%address2\r\n%postcode %city\r\n%zone_name\r\n%country_name', 0, 'PLN', '48', '2013-12-28 09:17:01', '2013-12-28 09:17:01'),
(171, 1, 'Portugal', '', '620', 'PT', 'PRT', '%company\r\n%firstname %lastname\r\n%address1\r\n%address2\r\n%postcode %city\r\n%zone_name\r\n%country_name', 0, 'EUR', '351', '2013-12-28 09:17:01', '2013-12-28 09:17:01'),
(172, 1, 'Puerto Rico', '', '630', 'PR', 'PRI', '%company\r\n%firstname %lastname\r\n%address1\r\n%address2\r\n%postcode %city\r\n%zone_name\r\n%country_name', 0, 'USD', '1', '2013-12-28 09:17:01', '2013-12-28 09:17:01'),
(173, 1, 'Qatar', '', '634', 'QA', 'QAT', '%company\r\n%firstname %lastname\r\n%address1\r\n%address2\r\n%postcode %city\r\n%zone_name\r\n%country_name', 0, 'QAR', '974', '2013-12-28 09:17:01', '2013-12-28 09:17:01'),
(174, 1, 'Reunion', '', '638', 'RE', 'REU', '%company\r\n%firstname %lastname\r\n%address1\r\n%address2\r\n%postcode %city\r\n%zone_name\r\n%country_name', 0, 'EUR', '262', '2013-12-28 09:17:01', '2013-12-28 09:17:01'),
(175, 1, 'Romania', '', '642', 'RO', 'ROM', '%company\r\n%firstname %lastname\r\n%address1\r\n%address2\r\n%postcode %city\r\n%zone_name\r\n%country_name', 0, 'RON', '40', '2013-12-28 09:17:01', '2013-12-28 09:17:01'),
(176, 1, 'Russian Federation', '', '643', 'RU', 'RUS', '%company\r\n%firstname %lastname\r\n%address1\r\n%address2\r\n%postcode %city\r\n%zone_name\r\n%country_name', 0, 'RUB', '7', '2013-12-28 09:17:01', '2013-12-28 09:17:01'),
(177, 1, 'Rwanda', '', '646', 'RW', 'RWA', '%company\r\n%firstname %lastname\r\n%address1\r\n%address2\r\n%postcode %city\r\n%zone_name\r\n%country_name', 0, 'RWF', '250', '2013-12-28 09:17:01', '2013-12-28 09:17:01'),
(178, 1, 'Saint Kitts and Nevis', '', '659', 'KN', 'KNA', '%company\r\n%firstname %lastname\r\n%address1\r\n%address2\r\n%postcode %city\r\n%zone_name\r\n%country_name', 0, 'XCD', '186', '2013-12-28 09:17:01', '2013-12-28 09:17:01'),
(179, 1, 'Saint Lucia', '', '662', 'LC', 'LCA', '%company\r\n%firstname %lastname\r\n%address1\r\n%address2\r\n%postcode %city\r\n%zone_name\r\n%country_name', 0, 'XCD', '175', '2013-12-28 09:17:01', '2013-12-28 09:17:01'),
(180, 1, 'Saint Vincent and the Grenadines', '', '670', 'VC', 'VCT', '%company\r\n%firstname %lastname\r\n%address1\r\n%address2\r\n%postcode %city\r\n%zone_name\r\n%country_name', 0, 'XCD', '178', '2013-12-28 09:17:01', '2013-12-28 09:17:01'),
(181, 1, 'Samoa', '', '882', 'WS', 'WSM', '%company\r\n%firstname %lastname\r\n%address1\r\n%address2\r\n%postcode %city\r\n%zone_name\r\n%country_name', 0, 'WST', '685', '2013-12-28 09:17:01', '2013-12-28 09:17:01'),
(182, 1, 'San Marino', '', '674', 'SM', 'SMR', '%company\r\n%firstname %lastname\r\n%address1\r\n%address2\r\n%postcode %city\r\n%zone_name\r\n%country_name', 0, 'EUR', '378', '2013-12-28 09:17:01', '2013-12-28 09:17:01'),
(183, 1, 'Sao Tome and Principe', '', '678', 'ST', 'STP', '%company\r\n%firstname %lastname\r\n%address1\r\n%address2\r\n%postcode %city\r\n%zone_name\r\n%country_name', 0, 'STD', '239', '2013-12-28 09:17:01', '2013-12-28 09:17:01'),
(184, 1, 'Saudi Arabia', '', '682', 'SA', 'SAU', '%company\r\n%firstname %lastname\r\n%address1\r\n%address2\r\n%postcode %city\r\n%zone_name\r\n%country_name', 0, 'SAR', '966', '2013-12-28 09:17:01', '2013-12-28 09:17:01'),
(185, 1, 'Senegal', '', '686', 'SN', 'SEN', '%company\r\n%firstname %lastname\r\n%address1\r\n%address2\r\n%postcode %city\r\n%zone_name\r\n%country_name', 0, 'XOF', '221', '2013-12-28 09:17:01', '2013-12-28 09:17:01'),
(186, 1, 'Seychelles', '', '690', 'SC', 'SYC', '%company\r\n%firstname %lastname\r\n%address1\r\n%address2\r\n%postcode %city\r\n%zone_name\r\n%country_name', 0, 'SCR', '248', '2013-12-28 09:17:01', '2013-12-28 09:17:01'),
(187, 1, 'Sierra Leone', '', '694', 'SL', 'SLE', '%company\r\n%firstname %lastname\r\n%address1\r\n%address2\r\n%postcode %city\r\n%zone_name\r\n%country_name', 0, 'SLL', '232', '2013-12-28 09:17:01', '2013-12-28 09:17:01'),
(188, 1, 'Singapore', '', '702', 'SG', 'SGP', '%company\r\n%firstname %lastname\r\n%address1\r\n%address2\r\n%postcode %city\r\n%zone_name\r\n%country_name', 0, 'SGD', '65', '2013-12-28 09:17:01', '2013-12-28 09:17:01'),
(189, 1, 'Slovak Republic', '', '703', 'SK', 'SVK', '%company\r\n%firstname %lastname\r\n%address1\r\n%address2\r\n%postcode %city\r\n%zone_name\r\n%country_name', 0, 'EUR', '421', '2013-12-28 09:17:01', '2013-12-28 09:17:01'),
(190, 1, 'Slovenia', '', '705', 'SI', 'SVN', '%company\r\n%firstname %lastname\r\n%address1\r\n%address2\r\n%postcode %city\r\n%zone_name\r\n%country_name', 0, 'EUR', '386', '2013-12-28 09:17:01', '2013-12-28 09:17:01'),
(191, 1, 'Solomon Islands', '', '090', 'SB', 'SLB', '%company\r\n%firstname %lastname\r\n%address1\r\n%address2\r\n%postcode %city\r\n%zone_name\r\n%country_name', 0, 'SBD', '677', '2013-12-28 09:17:01', '2013-12-28 09:17:01'),
(192, 1, 'Somalia', '', '706', 'SO', 'SOM', '%company\r\n%firstname %lastname\r\n%address1\r\n%address2\r\n%postcode %city\r\n%zone_name\r\n%country_name', 0, 'SOS', '252', '2013-12-28 09:17:01', '2013-12-28 09:17:01'),
(193, 1, 'South Africa', '', '710', 'ZA', 'ZAF', '%company\r\n%firstname %lastname\r\n%address1\r\n%address2\r\n%postcode %city\r\n%zone_name\r\n%country_name', 0, 'ZAR', '27', '2013-12-28 09:17:01', '2013-12-28 09:17:01'),
(194, 1, 'South Georgia and South Sandwich Islands', '', '239', 'GS', 'SGS', '%company\r\n%firstname %lastname\r\n%address1\r\n%address2\r\n%postcode %city\r\n%zone_name\r\n%country_name', 0, 'GBP', '500', '2013-12-28 09:17:01', '2013-12-28 09:17:01'),
(195, 1, 'Spain', '', '724', 'ES', 'ESP', '%company\r\n%firstname %lastname\r\n%address1\r\n%address2\r\n%postcode %city\r\n%zone_name\r\n%country_name', 0, 'EUR', '34', '2013-12-28 09:17:01', '2013-12-28 09:17:01'),
(196, 1, 'Sri Lanka', '', '144', 'LK', 'LKA', '%company\r\n%firstname %lastname\r\n%address1\r\n%address2\r\n%postcode %city\r\n%zone_name\r\n%country_name', 0, 'LKR', '94', '2013-12-28 09:17:01', '2013-12-28 09:17:01'),
(197, 1, 'St. Helena', '', '654', 'SH', 'SHN', '%company\r\n%firstname %lastname\r\n%address1\r\n%address2\r\n%postcode %city\r\n%zone_name\r\n%country_name', 0, 'SHP', '290', '2013-12-28 09:17:01', '2013-12-28 09:17:01'),
(198, 1, 'St. Pierre and Miquelon', '', '666', 'PM', 'SPM', '%company\r\n%firstname %lastname\r\n%address1\r\n%address2\r\n%postcode %city\r\n%zone_name\r\n%country_name', 0, 'EUR', '508', '2013-12-28 09:17:01', '2013-12-28 09:17:01'),
(199, 1, 'Sudan', '', '729', 'SD', 'SDN', '%company\r\n%firstname %lastname\r\n%address1\r\n%address2\r\n%postcode %city\r\n%zone_name\r\n%country_name', 0, 'SDG', '249', '2013-12-28 09:17:01', '2013-12-28 09:17:01'),
(200, 1, 'Suriname', '', '740', 'SR', 'SUR', '%company\r\n%firstname %lastname\r\n%address1\r\n%address2\r\n%postcode %city\r\n%zone_name\r\n%country_name', 0, 'SRD', '597', '2013-12-28 09:17:01', '2013-12-28 09:17:01'),
(201, 1, 'Svalbard and Jan Mayen Islands', '', '744', 'SJ', 'SJM', '%company\r\n%firstname %lastname\r\n%address1\r\n%address2\r\n%postcode %city\r\n%zone_name\r\n%country_name', 0, 'NOK', '47', '2013-12-28 09:17:01', '2013-12-28 09:17:01'),
(202, 1, 'Swaziland', '', '748', 'SZ', 'SWZ', '%company\r\n%firstname %lastname\r\n%address1\r\n%address2\r\n%postcode %city\r\n%zone_name\r\n%country_name', 0, 'SZL', '268', '2013-12-28 09:17:01', '2013-12-28 09:17:01'),
(203, 1, 'Sweden', '', '752', 'SE', 'SWE', '%company\r\n%firstname %lastname\r\n%address1\r\n%address2\r\n%postcode %city\r\n%zone_name\r\n%country_name', 0, 'SEK', '46', '2013-12-28 09:17:01', '2013-12-28 09:17:01'),
(204, 1, 'Switzerland', '', '756', 'CH', 'CHE', '%company\r\n%firstname %lastname\r\n%address1\r\n%address2\r\n%postcode %city\r\n%zone_name\r\n%country_name', 0, 'CHF', '41', '2013-12-28 09:17:01', '2013-12-28 09:17:01'),
(205, 1, 'Syrian Arab Republic', '', '760', 'SY', 'SYR', '%company\r\n%firstname %lastname\r\n%address1\r\n%address2\r\n%postcode %city\r\n%zone_name\r\n%country_name', 0, 'SYP', '963', '2013-12-28 09:17:01', '2013-12-28 09:17:01'),
(206, 1, 'Taiwan', '', '158', 'TW', 'TWN', '%company\r\n%firstname %lastname\r\n%address1\r\n%address2\r\n%postcode %city\r\n%zone_name\r\n%country_name', 0, 'TWD', '886', '2013-12-28 09:17:01', '2013-12-28 09:17:01'),
(207, 1, 'Tajikistan', '', '762', 'TJ', 'TJK', '%company\r\n%firstname %lastname\r\n%address1\r\n%address2\r\n%postcode %city\r\n%zone_name\r\n%country_name', 0, 'TJS', '992', '2013-12-28 09:17:01', '2013-12-28 09:17:01'),
(208, 1, 'Tanzania, United Republic of', '', '834', 'TZ', 'TZA', '%company\r\n%firstname %lastname\r\n%address1\r\n%address2\r\n%postcode %city\r\n%zone_name\r\n%country_name', 0, 'TZS', '255', '2013-12-28 09:17:01', '2013-12-28 09:17:01'),
(209, 1, 'Thailand', '', '764', 'TH', 'THA', '%company\r\n%firstname %lastname\r\n%address1\r\n%address2\r\n%postcode %city\r\n%zone_name\r\n%country_name', 0, 'THB', '66', '2013-12-28 09:17:01', '2013-12-28 09:17:01'),
(210, 1, 'Togo', '', '768', 'TG', 'TGO', '%company\r\n%firstname %lastname\r\n%address1\r\n%address2\r\n%postcode %city\r\n%zone_name\r\n%country_name', 0, 'XOF', '228', '2013-12-28 09:17:01', '2013-12-28 09:17:01'),
(211, 1, 'Tokelau', '', '772', 'TK', 'TKL', '%company\r\n%firstname %lastname\r\n%address1\r\n%address2\r\n%postcode %city\r\n%zone_name\r\n%country_name', 0, 'NZD', '690', '2013-12-28 09:17:01', '2013-12-28 09:17:01'),
(212, 1, 'Tonga', '', '776', 'TO', 'TON', '%company\r\n%firstname %lastname\r\n%address1\r\n%address2\r\n%postcode %city\r\n%zone_name\r\n%country_name', 0, 'TOP', '676', '2013-12-28 09:17:01', '2013-12-28 09:17:01'),
(213, 1, 'Trinidad and Tobago', '', '780', 'TT', 'TTO', '%company\r\n%firstname %lastname\r\n%address1\r\n%address2\r\n%postcode %city\r\n%zone_name\r\n%country_name', 0, 'TTD', '186', '2013-12-28 09:17:01', '2013-12-28 09:17:01'),
(214, 1, 'Tunisia', '', '788', 'TN', 'TUN', '%company\r\n%firstname %lastname\r\n%address1\r\n%address2\r\n%postcode %city\r\n%zone_name\r\n%country_name', 0, 'TND', '216', '2013-12-28 09:17:01', '2013-12-28 09:17:01'),
(215, 1, 'Turkey', '', '792', 'TR', 'TUR', '%company\r\n%firstname %lastname\r\n%address1\r\n%address2\r\n%postcode %city\r\n%zone_name\r\n%country_name', 0, 'TRY', '90', '2013-12-28 09:17:01', '2013-12-28 09:17:01'),
(216, 1, 'Turkmenistan', '', '795', 'TM', 'TKM', '%company\r\n%firstname %lastname\r\n%address1\r\n%address2\r\n%postcode %city\r\n%zone_name\r\n%country_name', 0, 'TMT', '993', '2013-12-28 09:17:01', '2013-12-28 09:17:01'),
(217, 1, 'Turks and Caicos Islands', '', '796', 'TC', 'TCA', '%company\r\n%firstname %lastname\r\n%address1\r\n%address2\r\n%postcode %city\r\n%zone_name\r\n%country_name', 0, 'USD', '164', '2013-12-28 09:17:01', '2013-12-28 09:17:01'),
(218, 1, 'Tuvalu', '', '798', 'TV', 'TUV', '%company\r\n%firstname %lastname\r\n%address1\r\n%address2\r\n%postcode %city\r\n%zone_name\r\n%country_name', 0, 'AUD', '688', '2013-12-28 09:17:01', '2013-12-28 09:17:01'),
(219, 1, 'Uganda', '', '800', 'UG', 'UGA', '%company\r\n%firstname %lastname\r\n%address1\r\n%address2\r\n%postcode %city\r\n%zone_name\r\n%country_name', 0, 'UGX', '256', '2013-12-28 09:17:01', '2013-12-28 09:17:01'),
(220, 1, 'Ukraine', '', '804', 'UA', 'UKR', '%company\r\n%firstname %lastname\r\n%address1\r\n%address2\r\n%postcode %city\r\n%zone_name\r\n%country_name', 0, 'UAH', '380', '2013-12-28 09:17:01', '2013-12-28 09:17:01'),
(221, 1, 'United Arab Emirates', '', '784', 'AE', 'ARE', '%company\r\n%firstname %lastname\r\n%address1\r\n%address2\r\n%postcode %city\r\n%zone_name\r\n%country_name', 0, 'AED', '971', '2013-12-28 09:17:01', '2013-12-28 09:17:01'),
(222, 1, 'United Kingdom', '', '826', 'GB', 'GBR', '%company\r\n%firstname %lastname\r\n%address1\r\n%address2\r\n%postcode %city\r\n%zone_name\r\n%country_name', 1, 'GBP', '44', '2013-12-28 09:17:01', '2013-12-28 09:17:01'),
(223, 1, 'United States', '', '840', 'US', 'USA', '%company\r\n%firstname %lastname\r\n%address1\r\n%address2\r\n%postcode %city\r\n%zone_name\r\n%country_name', 0, 'USD', '1', '2013-12-28 09:17:01', '2013-12-28 09:17:01'),
(224, 1, 'United States Minor Outlying Islands', '', '581', 'UM', 'UMI', '%company\r\n%firstname %lastname\r\n%address1\r\n%address2\r\n%postcode %city\r\n%zone_name\r\n%country_name', 0, 'USD', '1', '2013-12-28 09:17:01', '2013-12-28 09:17:01'),
(225, 1, 'Uruguay', '', '858', 'UY', 'URY', '%company\r\n%firstname %lastname\r\n%address1\r\n%address2\r\n%postcode %city\r\n%zone_name\r\n%country_name', 0, 'UYU', '598', '2013-12-28 09:17:01', '2013-12-28 09:17:01'),
(226, 1, 'Uzbekistan', '', '860', 'UZ', 'UZB', '%company\r\n%firstname %lastname\r\n%address1\r\n%address2\r\n%postcode %city\r\n%zone_name\r\n%country_name', 0, 'UZS', '998', '2013-12-28 09:17:01', '2013-12-28 09:17:01'),
(227, 1, 'Vanuatu', '', '548', 'VU', 'VUT', '%company\r\n%firstname %lastname\r\n%address1\r\n%address2\r\n%postcode %city\r\n%zone_name\r\n%country_name', 0, 'VUV', '678', '2013-12-28 09:17:01', '2013-12-28 09:17:01'),
(228, 1, 'Vatican City State (Holy See)', '', '336', 'VA', 'VAT', '%company\r\n%firstname %lastname\r\n%address1\r\n%address2\r\n%postcode %city\r\n%zone_name\r\n%country_name', 0, 'EUR', '39', '2013-12-28 09:17:01', '2013-12-28 09:17:01'),
(229, 1, 'Venezuela', '', '862', 'VE', 'VEN', '%company\r\n%firstname %lastname\r\n%address1\r\n%address2\r\n%postcode %city\r\n%zone_name\r\n%country_name', 0, 'VEF', '58', '2013-12-28 09:17:01', '2013-12-28 09:17:01'),
(230, 1, 'Viet Nam', '', '704', 'VN', 'VNM', '%company\r\n%firstname %lastname\r\n%address1\r\n%address2\r\n%postcode %city\r\n%zone_name\r\n%country_name', 0, 'VND', '84', '2013-12-28 09:17:01', '2013-12-28 09:17:01'),
(231, 1, 'Virgin Islands (British)', '', '092', 'VG', 'VGB', '%company\r\n%firstname %lastname\r\n%address1\r\n%address2\r\n%postcode %city\r\n%zone_name\r\n%country_name', 0, 'USD', '128', '2013-12-28 09:17:01', '2013-12-28 09:17:01'),
(232, 1, 'Virgin Islands (U.S.)', '', '850', 'VI', 'VIR', '%company\r\n%firstname %lastname\r\n%address1\r\n%address2\r\n%postcode %city\r\n%zone_name\r\n%country_name', 0, 'USD', '134', '2013-12-28 09:17:01', '2013-12-28 09:17:01'),
(233, 1, 'Wallis and Futuna Islands', '', '876', 'WF', 'WLF', '%company\r\n%firstname %lastname\r\n%address1\r\n%address2\r\n%postcode %city\r\n%zone_name\r\n%country_name', 0, 'XPF', '681', '2013-12-28 09:17:01', '2013-12-28 09:17:01'),
(234, 1, 'Western Sahara', '', '732', 'EH', 'ESH', '%company\r\n%firstname %lastname\r\n%address1\r\n%address2\r\n%postcode %city\r\n%zone_name\r\n%country_name', 0, 'MAD', '212', '2013-12-28 09:17:01', '2013-12-28 09:17:01'),
(235, 1, 'Yemen', '', '887', 'YE', 'YEM', '%company\r\n%firstname %lastname\r\n%address1\r\n%address2\r\n%postcode %city\r\n%zone_name\r\n%country_name', 0, 'YER', '967', '2013-12-28 09:17:01', '2013-12-28 09:17:01'),
(236, 1, 'Yugoslavia', '', '890', 'YU', 'YUG', '%company\r\n%firstname %lastname\r\n%address1\r\n%address2\r\n%postcode %city\r\n%zone_name\r\n%country_name', 0, 'YUM', '381', '2013-12-28 09:17:01', '2013-12-28 09:17:01'),
(237, 1, 'Democratic Republic of Congo', '', '180', 'CD', 'COD', '%company\r\n%firstname %lastname\r\n%address1\r\n%address2\r\n%postcode %city\r\n%zone_name\r\n%country_name', 0, 'XAF', '243', '2013-12-28 09:17:01', '2013-12-28 09:17:01'),
(238, 1, 'Zambia', '', '894', 'ZM', 'ZMB', '%company\r\n%firstname %lastname\r\n%address1\r\n%address2\r\n%postcode %city\r\n%zone_name\r\n%country_name', 0, 'ZMW', '260', '2013-12-28 09:17:01', '2013-12-28 09:17:01'),
(239, 1, 'Zimbabwe', '', '716', 'ZW', 'ZWE', '%company\r\n%firstname %lastname\r\n%address1\r\n%address2\r\n%postcode %city\r\n%zone_name\r\n%country_name', 0, 'ZWD', '263', '2013-12-28 09:17:01', '2013-12-28 09:17:01');
-- --------------------------------------------------------
INSERT INTO `lc_currencies` (`status`, `code`, `number`, `name`, `value`, `decimals`, `prefix`, `suffix`, `priority`, `date_updated`, `date_created`) VALUES
(1, 'USD', '840', 'US Dollars', 1, 2, '$', '', 0, NOW(), NOW()),
(1, 'EUR', '978', 'Euros', 0.726, 2, '', ' ', 0, NOW(), NOW());
-- --------------------------------------------------------
INSERT INTO `lc_languages` (`status`, `code`, `code2`, `name`, `locale`, `charset`, `raw_date`, `raw_time`, `raw_datetime`, `format_date`, `format_time`, `format_datetime`, `decimal_point`, `thousands_sep`, `priority`, `date_updated`, `date_created`) VALUES
(1, 'en', 'eng', 'English', 'en_US.utf8,en_US.UTF-8,english', 'UTF-8', 'm/d/y', 'h:i:s A', 'm/d/y h:i:s A', '%b %e %Y', '%I:%M %p', '%b %e %Y %I:%M %p', '.', ',', 0, NOW(), NOW());
-- --------------------------------------------------------
INSERT INTO `lc_settings_groups` (`key`, `name`, `description`, `priority`) VALUES
('store_info', 'Store Info', 'Store information', 10),
('defaults', 'Defaults', 'Store default settings', 20),
('general', 'General', 'Store default settings', 30),
('listings', 'Listings', '', 40),
('checkout', 'Checkout', 'Checkout settings', 50),
('advanced', 'Advanced', 'Advanced settings', 60),
('security', 'Security', 'Site security and protection against threats', 70);
-- --------------------------------------------------------
INSERT INTO `lc_settings` (`setting_group_key`, `type`, `title`, `description`, `key`, `value`, `function`, `priority`, `date_updated`, `date_created`) VALUES
('store_info', 'global', 'Store Name', 'The name of your store.', 'store_name', '{STORE_NAME}', 'input()', 10, NOW(), NOW()),
('store_info', 'global', 'Store Email', 'The store e-mail address.', 'store_email', '{STORE_EMAIL}', 'input()', 11, NOW(), NOW()),
('store_info', 'local', 'Store Tax ID', 'The store tax ID or VATIN.', 'store_tax_id', 'XX000000000000', 'input()', 12, NOW(), NOW()),
('store_info', 'local', 'Store Postal Address', 'The store postal address.', 'store_postal_address', 'My Store\r\nStreet\r\nPostcode City\r\nCountry', 'bigtext()', 13, NOW(), NOW()),
('store_info', 'local', 'Store Visiting Address', 'The store visiting address if applicable.', 'store_visiting_address', '', 'bigtext()', 14, NOW(), NOW()),
('store_info', 'local', 'Store Phone Number', 'The store phone number.', 'store_phone', '+1-212-555-DUCK', 'input()', 15, NOW(), NOW()),
('store_info', 'global', 'Store Country', 'The country of your store.', 'store_country_code', '{STORE_COUNTRY_CODE}', 'countries()', 16, NOW(), NOW()),
('store_info', 'global', 'Store Time Zone', 'The store time zone.', 'store_timezone', '{STORE_TIME_ZONE}', 'timezones()', 17, NOW(), NOW()),
('store_info', 'local', 'Store Language', 'The spoken language of your organization.', 'store_language_code', 'en', 'languages()', 18, NOW(), NOW()),
('store_info', 'global', 'Store Currency', 'The currency of which all prices conform to.', 'store_currency_code', 'USD', 'currencies()', 19, NOW(), NOW()),
('store_info', 'global', 'Store Zone', 'The zone of your store.', 'store_zone_code', '', 'zones()', 20, NOW(), NOW()),
('store_info', 'global', 'Store Weight Class', 'The preselected weight class.', 'store_weight_class', 'kg', 'weight_classes()', 21, NOW(), NOW()),
('store_info', 'global', 'Store Length Class', 'The preselected length class.', 'store_length_class', 'cm', 'length_classes()', 22, NOW(), NOW()),
('defaults', 'global', 'Default Language', 'The default language selected, if failed to identify.', 'default_language_code', 'en', 'languages()', 10, NOW(), NOW()),
('defaults', 'global', 'Default Currency', 'The default currency selected.', 'default_currency_code', 'USD', 'currencies()', 11, NOW(), NOW()),
('defaults', 'global', 'Default Country', 'The default country selected if not set otherwise.', 'default_country_code', '{STORE_COUNTRY_CODE}', 'countries()', 12, NOW(), NOW()),
('defaults', 'global', 'Default Zone', 'The default zone selected if not set otherwise.', 'default_zone_code', '', 'zones()', 13, NOW(), NOW()),
('defaults', 'local', 'Default Tax Class', 'Default tax class that will be preset when creating new products.', 'default_tax_class_id', '1', 'tax_classes()', 14, NOW(), NOW()),
('defaults', 'global', 'Default Display Prices Including Tax', 'Displays prices in including tax by default.', 'default_display_prices_including_tax', '1', 'toggle()', 15, NOW(), NOW()),
('defaults', 'global', 'Default Quantity Unit', 'Default quantity unit that will be preset when creating new products.', 'default_quantity_unit_id', '1', 'quantity_units()', 16, NOW(), NOW()),
('default', 'global', 'Default Sold Out Status', 'Default delivery status that will be preset when creating new products.', 'default_sold_out_status_id', '1', 'sold_out_statuses()', 17, NOW(), NOW()),
('default', 'global', 'Default Delivery Status', 'Default sold out status that will be preset when creating new products.', 'default_delivery_status_id', '1', 'delivery_statuses()', 18, NOW(), NOW()),
('general', 'global', 'Set Currency by Language', 'Chain select currency when changing language.', 'set_currency_by_language', '1', 'toggle()', 10, NOW(), NOW()),
('general', 'local', 'Contact Form CAPTCHA', 'Prevents spam by enabling CAPTCHA in the contact form.', 'contact_form_captcha_enabled', '1', 'toggle()', 11, NOW(), NOW()),
('general', 'global', 'Catalog Only Mode', 'Disables the cart and checkout features leaving only a browsable catalog.', 'catalog_only_mode', '0', 'toggle("t/f")', 12, NOW(), NOW()),
('listings', 'local', 'Items Per Page', 'The number of items to be displayed per page.', 'items_per_page', '20', 'int()', 10, NOW(), NOW()),
('listings', 'local', 'Data Table Rows', 'The number of data table rows per page.', 'data_table_rows_per_page', '25', 'input()', 11, NOW(), NOW()),
('listings', 'local', 'Display Stock Count', 'Show the available amounts of products in stock.', 'display_stock_count', '1', 'toggle()', 12, NOW(), NOW()),
('listings', 'local', 'Cheapest Shipping', 'Display the cheapest shipping cost on product page.', 'display_cheapest_shipping', '1', 'toggle()', 13, NOW(), NOW()),
('listings', 'local', 'Max Age for New Products', 'Display the new sticker for products younger than the give age. I.e. 1 month or 14 days', 'new_products_max_age', '1 month', 'input()', 14, NOW(), NOW()),
('listings', 'local', 'Similar Products Box: Number of Items', 'The maximum amount of items to be display in the box.', 'box_similar_products_num_items', '10', 'int()', 15, NOW(), NOW()),
('listings', 'local', 'Recently Viewed Products Box: Number of Items', 'The maximum amount of items to be display in the box.', 'box_recently_viewed_products_num_items', '4', 'int()', 16, NOW(), NOW()),
('listings', 'local', 'Latest Products Box: Number of Items', 'The maximum amount of items to be display in the box.', 'box_latest_products_num_items', '10', 'int()', 17, NOW(), NOW()),
('listings', 'local', 'Most Popular Products Box: Number of Items', 'The maximum amount of items to be display in the box.', 'box_most_popular_products_num_items', '10', 'int()', 18, NOW(), NOW()),
('listings', 'local', 'Campaign Products Box: Number of Items', 'The maximum amount of items to be display in the box.', 'box_campaign_products_num_items', '5', 'int()', 19, NOW(), NOW()),
('checkout', 'local', 'Register Guests', 'Automatically create accounts for all guests.', 'register_guests', '0', 'toggle()', 10, NOW(), NOW()),
('checkout', 'local', 'Password Field', 'If Register Guests is enabled, show the password field letting customers set their own password. Otherwise randomly generated.', 'fields_customer_password', '0', 'toggle()', 11, NOW(), NOW()),
('checkout', 'local', 'Order Copy Receipients', 'Send order copies to the following e-mail addresses. Separate by semi-colons.', 'email_order_copy', '{STORE_EMAIL}', 'mediumtext()', 12, NOW(), NOW()),
('checkout', 'global', 'Round Amounts', 'Round currency amounts to prevent hidden decimals.', 'round_amounts', '0', 'toggle()', 13, NOW(), NOW()),
('advanced', 'global', 'System Cache Enabled', 'Enables the system cache module which caches frequently used data.', 'cache_enabled', '0', 'toggle()', 10, NOW(), NOW()),
('advanced', 'global', 'Clear System Cache', 'Remove all cached system information.', 'cache_clear', '0', 'toggle()', 11, NOW(), NOW()),
('advanced', 'global', 'Clear Thumbnails Cache', 'Remove all cached image thumbnails from disk.', 'cache_clear_thumbnails', '0', 'toggle()', 12, NOW(), NOW()),
('advanced', 'global', 'SEO Links Language Prefix', 'Begins the SEO links with the language code i.e. /en/....', 'seo_links_language_prefix', '1', 'toggle()', 13, NOW(), NOW()),
('advanced', 'global', 'Regional Settings Screen', 'Enables the regional settings screen upon first visit.', 'regional_settings_screen_enabled', '0', 'toggle()', 14, NOW(), NOW()),
('advanced', 'global', 'Jobs Last Run', 'Time when background jobs where last executed.', 'jobs_last_run', NOW(), 'input()', 15, NOW(), NOW()),
('advanced', 'global', 'GZIP Enabled', 'Compresses browser data. Increases the load on the server but decreases the bandwidth.', 'gzip_enabled', '0', 'toggle()', 16, NOW(), NOW()),
('advanced', 'local', 'Jobs Interval', 'The amount of minutes between each execution of jobs.', 'jobs_interval', '60', 'int()', 17, NOW(), NOW()),
('advanced', 'local', 'Database Admin Link', 'The URL to your database manager i.e. phpMyAdmin.', 'database_admin_link', '?app=settings&doc=advanced&action=edit&key=database_admin_link', 'input()', 18, NOW(), NOW()),
('advanced', 'local', 'Webmail Link', 'The URL to your webmail client.', 'webmail_link', '?app=settings&doc=advanced&action=edit&key=webmail_link', 'input()', 19, NOW(), NOW()),
('advanced', 'global', 'SEO Links Enabled', 'Enabling this requires .htaccess and mod_rewrite rules.', 'seo_links_enabled', '1', 'toggle()', 20, NOW(), NOW()),
('security', 'global', 'Blacklist', 'Deny blacklisted clients access to the site.', 'security_blacklist', '0', 'toggle("e/d")', 10, NOW(), NOW()),
('security', 'global', 'Session Hijacking Protection', 'Destroy sessions that were signed for a different IP address and user agent.', 'security_session_hijacking', '0', 'toggle("e/d")', 11, NOW(), NOW()),
('security', 'global', 'HTTP POST Protection', 'Prevent incoming HTTP POST data from external sites by checking for valid form tickets.', 'security_http_post', '0', 'toggle("e/d")', 12, NOW(), NOW()),
('security', 'global', 'Bad Bot Trap', 'Catch bad behaving bots from crawling your website.', 'security_bot_trap', '0', 'toggle("e/d")', 13, NOW(), NOW()),
('security', 'global', 'Cross-site Scripting (XSS) Detection', 'Detect common XSS attacks and prevent access to the site.', 'security_xss', '0', 'toggle("e/d")', 14, NOW(), NOW()),
('', 'global', 'Catalog Template', '', 'store_template_catalog', 'default.catalog', 'templates("catalog")', 0, NOW(), NOW()),
('', 'global', 'Admin Template', '', 'store_template_admin', 'default.admin', 'templates("admin")', 0, NOW(), NOW()),
('', 'global', 'Catalog Template Settings', '', 'store_template_catalog_settings', '', '', 0, NOW(), NOW()),
('', 'local', 'Installed Job Modules', '', 'jobs_modules', '', '', 0, NOW(), NOW()),
('', 'local', 'Installed Shipping Modules', '', 'shipping_modules', '', '', 0, NOW(), NOW()),
('', 'local', 'Installed Payment Modules', '', 'payment_modules', '', '', 0, NOW(), NOW()),
('', 'local', 'Installed Order Action Modules', '', 'order_action_modules', '', '', 0, NOW(), NOW()),
('', 'local', 'Installed Order Total Modules', '', 'order_total_modules', 'ot_subtotal;ot_payment_fee;ot_shipping_fee', '', 0, NOW(), NOW()),
('', 'local', 'Installed Customer Modules', '', 'customer_modules', '', '', 0, NOW(), NOW()),
('', 'local', 'Installed Order Success Modules', '', 'order_success_modules', '', '', 0, NOW(), NOW()),
('', 'local', '', '', 'order_total_module_ot_payment_fee', 'a:1:{s:10:"sort_order";s:2:"10";}', '', 0, NOW(), NOW()),
('', 'local', '', '', 'order_total_module_ot_shipping_fee', 'a:1:{s:10:"sort_order";s:2:"10";}', '', 0, NOW(), NOW()),
('', 'local', '', '', 'order_total_module_ot_subtotal', 'a:1:{s:10:"sort_order";s:1:"1";}', '', 0, NOW(), NOW()),
('', 'local', 'Date Cache Cleared', 'Do not use system cache older than breakpoint.', 'cache_system_breakpoint', NOW(), 'input()', 0, NOW(), NOW());
-- --------------------------------------------------------
INSERT INTO `lc_order_statuses` (`id`, `is_sale`, `priority`, `date_updated`, `date_created`) VALUES
(1, 0, 1, NOW(), NOW()),
(2, 1, 2, NOW(), NOW()),
(3, 1, 3, NOW(), NOW()),
(4, 1, 4, NOW(), NOW()),
(5, 0, 5, NOW(), NOW());
-- --------------------------------------------------------
INSERT INTO `lc_order_statuses_info` (`id`, `order_status_id`, `language_code`, `name`, `description`) VALUES
(1, 1, 'en', 'Awaiting payment', ''),
(2, 2, 'en', 'Pending', ''),
(3, 3, 'en', 'Processing', ''),
(4, 4, 'en', 'Completed', ''),
(5, 5, 'en', 'Cancelled', '');
-- --------------------------------------------------------
INSERT INTO `lc_quantity_units` (`id`, `decimals`, `priority`, `date_updated`, `date_created`) VALUES
(1, 0, 0, NOW(), NOW());
-- --------------------------------------------------------
INSERT INTO `lc_quantity_units_info` (`id`, `quantity_unit_id`, `language_code`, `name`, `description`) VALUES
(1, 1, 'en', 'pcs', '');
