SET SQL_MODE = "NO_AUTO_VALUE_ON_ZERO";
-- --------------------------------------------------------
INSERT INTO `lc_countries` (`id`, `status`, `name`, `domestic_name`, `iso_code_2`, `iso_code_3`, `address_format`, `postcode_required`, `currency_code`, `phone_code`, `date_updated`, `date_created`) VALUES
(1, 1, 'Afghanistan', '', 'AF', 'AFG', '%company\r\n%firstname %lastname\r\n%address1\r\n%address2\r\n%postcode %city\r\n%zone_name\r\n%country_name', 0, 'AFN', '93', NOW(), NOW()),
(2, 1, 'Albania', '', 'AL', 'ALB', '%company\r\n%firstname %lastname\r\n%address1\r\n%address2\r\n%postcode %city\r\n%zone_name\r\n%country_name', 0, 'ALL', '355', NOW(), NOW()),
(3, 1, 'Algeria', '', 'DZ', 'DZA', '%company\r\n%firstname %lastname\r\n%address1\r\n%address2\r\n%postcode %city\r\n%zone_name\r\n%country_name', 0, 'DZD', '213', NOW(), NOW()),
(4, 1, 'American Samoa', '', 'AS', 'ASM', '%company\r\n%firstname %lastname\r\n%address1\r\n%address2\r\n%postcode %city\r\n%zone_name\r\n%country_name', 0, 'USD', '168', NOW(), NOW()),
(5, 1, 'Andorra', '', 'AD', 'AND', '%company\r\n%firstname %lastname\r\n%address1\r\n%address2\r\n%postcode %city\r\n%zone_name\r\n%country_name', 0, 'EUR', '376', NOW(), NOW()),
(6, 1, 'Angola', '', 'AO', 'AGO', '%company\r\n%firstname %lastname\r\n%address1\r\n%address2\r\n%postcode %city\r\n%zone_name\r\n%country_name', 0, 'AOA', '244', NOW(), NOW()),
(7, 1, 'Anguilla', '', 'AI', 'AIA', '%company\r\n%firstname %lastname\r\n%address1\r\n%address2\r\n%postcode %city\r\n%zone_name\r\n%country_name', 0, 'XCD', '126', NOW(), NOW()),
(8, 1, 'Antarctica', '', 'AQ', 'ATA', '%company\r\n%firstname %lastname\r\n%address1\r\n%address2\r\n%postcode %city\r\n%zone_name\r\n%country_name', 0, 'XCD', '672', NOW(), NOW()),
(9, 1, 'Antigua and Barbuda', '', 'AG', 'ATG', '%company\r\n%firstname %lastname\r\n%address1\r\n%address2\r\n%postcode %city\r\n%zone_name\r\n%country_name', 0, 'XCD', '126', NOW(), NOW()),
(10, 1, 'Argentina', '', 'AR', 'ARG', '%company\r\n%firstname %lastname\r\n%address1\r\n%address2\r\n%postcode %city\r\n%zone_name\r\n%country_name', 0, 'ARS', '54', NOW(), NOW()),
(11, 1, 'Armenia', '', 'AM', 'ARM', '%company\r\n%firstname %lastname\r\n%address1\r\n%address2\r\n%postcode %city\r\n%zone_name\r\n%country_name', 0, 'AMD', '374', NOW(), NOW()),
(12, 1, 'Aruba', '', 'AW', 'ABW', '%company\r\n%firstname %lastname\r\n%address1\r\n%address2\r\n%postcode %city\r\n%zone_name\r\n%country_name', 0, 'AWG', '297', NOW(), NOW()),
(13, 1, 'Australia', '', 'AU', 'AUS', '%company\r\n%firstname %lastname\r\n%address1\r\n%address2\r\n%postcode %city\r\n%zone_name\r\n%country_name', 0, 'AUD', '61', NOW(), NOW()),
(14, 1, 'Austria', '', 'AT', 'AUT', '%company\r\n%firstname %lastname\r\n%address1\r\n%address2\r\n%postcode %city\r\n%zone_name\r\n%country_name', 0, 'EUR', '43', NOW(), NOW()),
(15, 1, 'Azerbaijan', '', 'AZ', 'AZE', '%company\r\n%firstname %lastname\r\n%address1\r\n%address2\r\n%postcode %city\r\n%zone_name\r\n%country_name', 0, 'AZN', '994', NOW(), NOW()),
(16, 1, 'Bahamas', '', 'BS', 'BHS', '%company\r\n%firstname %lastname\r\n%address1\r\n%address2\r\n%postcode %city\r\n%zone_name\r\n%country_name', 0, 'BSD', '124', NOW(), NOW()),
(17, 1, 'Bahrain', '', 'BH', 'BHR', '%company\r\n%firstname %lastname\r\n%address1\r\n%address2\r\n%postcode %city\r\n%zone_name\r\n%country_name', 0, 'BHD', '973', NOW(), NOW()),
(18, 1, 'Bangladesh', '', 'BD', 'BGD', '%company\r\n%firstname %lastname\r\n%address1\r\n%address2\r\n%postcode %city\r\n%zone_name\r\n%country_name', 0, 'BDT', '880', NOW(), NOW()),
(19, 1, 'Barbados', '', 'BB', 'BRB', '%company\r\n%firstname %lastname\r\n%address1\r\n%address2\r\n%postcode %city\r\n%zone_name\r\n%country_name', 0, 'BBD', '124', NOW(), NOW()),
(20, 1, 'Belarus', '', 'BY', 'BLR', '%company\r\n%firstname %lastname\r\n%address1\r\n%address2\r\n%postcode %city\r\n%zone_name\r\n%country_name', 0, 'BYR', '375', NOW(), NOW()),
(21, 1, 'Belgium', '', 'BE', 'BEL', '%company\r\n%firstname %lastname\r\n%address1\r\n%address2\r\n%postcode %city\r\n%zone_name\r\n%country_name', 0, 'EUR', '32', NOW(), NOW()),
(22, 1, 'Belize', '', 'BZ', 'BLZ', '%company\r\n%firstname %lastname\r\n%address1\r\n%address2\r\n%postcode %city\r\n%zone_name\r\n%country_name', 0, 'BZD', '501', NOW(), NOW()),
(23, 1, 'Benin', '', 'BJ', 'BEN', '%company\r\n%firstname %lastname\r\n%address1\r\n%address2\r\n%postcode %city\r\n%zone_name\r\n%country_name', 0, 'XOF', '229', NOW(), NOW()),
(24, 1, 'Bermuda', '', 'BM', 'BMU', '%company\r\n%firstname %lastname\r\n%address1\r\n%address2\r\n%postcode %city\r\n%zone_name\r\n%country_name', 0, 'BMD', '144', NOW(), NOW()),
(25, 1, 'Bhutan', '', 'BT', 'BTN', '%company\r\n%firstname %lastname\r\n%address1\r\n%address2\r\n%postcode %city\r\n%zone_name\r\n%country_name', 0, 'BTN', '975', NOW(), NOW()),
(26, 1, 'Bolivia', '', 'BO', 'BOL', '%company\r\n%firstname %lastname\r\n%address1\r\n%address2\r\n%postcode %city\r\n%zone_name\r\n%country_name', 0, 'BOB', '591', NOW(), NOW()),
(27, 1, 'Bosnia and Herzegowina', '', 'BA', 'BIH', '%company\r\n%firstname %lastname\r\n%address1\r\n%address2\r\n%postcode %city\r\n%zone_name\r\n%country_name', 0, 'BAM', '387', NOW(), NOW()),
(28, 1, 'Botswana', '', 'BW', 'BWA', '%company\r\n%firstname %lastname\r\n%address1\r\n%address2\r\n%postcode %city\r\n%zone_name\r\n%country_name', 0, 'BWP', '267', NOW(), NOW()),
(29, 1, 'Bouvet Island', '', 'BV', 'BVT', '%company\r\n%firstname %lastname\r\n%address1\r\n%address2\r\n%postcode %city\r\n%zone_name\r\n%country_name', 0, 'NOK', '47', NOW(), NOW()),
(30, 1, 'Brazil', '', 'BR', 'BRA', '%company\r\n%firstname %lastname\r\n%address1\r\n%address2\r\n%postcode %city\r\n%zone_name\r\n%country_name', 0, 'BRL', '55', NOW(), NOW()),
(31, 1, 'British Indian Ocean Territory', '', 'IO', 'IOT', '%company\r\n%firstname %lastname\r\n%address1\r\n%address2\r\n%postcode %city\r\n%zone_name\r\n%country_name', 0, 'USD', '246', NOW(), NOW()),
(32, 1, 'Brunei Darussalam', '', 'BN', 'BRN', '%company\r\n%firstname %lastname\r\n%address1\r\n%address2\r\n%postcode %city\r\n%zone_name\r\n%country_name', 0, 'BND', '673', NOW(), NOW()),
(33, 1, 'Bulgaria', '', 'BG', 'BGR', '%company\r\n%firstname %lastname\r\n%address1\r\n%address2\r\n%postcode %city\r\n%zone_name\r\n%country_name', 0, 'BGN', '359', NOW(), NOW()),
(34, 1, 'Burkina Faso', '', 'BF', 'BFA', '%company\r\n%firstname %lastname\r\n%address1\r\n%address2\r\n%postcode %city\r\n%zone_name\r\n%country_name', 0, 'XOF', '226', NOW(), NOW()),
(35, 1, 'Burundi', '', 'BI', 'BDI', '%company\r\n%firstname %lastname\r\n%address1\r\n%address2\r\n%postcode %city\r\n%zone_name\r\n%country_name', 0, 'BIF', '257', NOW(), NOW()),
(36, 1, 'Cambodia', '', 'KH', 'KHM', '%company\r\n%firstname %lastname\r\n%address1\r\n%address2\r\n%postcode %city\r\n%zone_name\r\n%country_name', 0, 'KHR', '855', NOW(), NOW()),
(37, 1, 'Cameroon', '', 'CM', 'CMR', '%company\r\n%firstname %lastname\r\n%address1\r\n%address2\r\n%postcode %city\r\n%zone_name\r\n%country_name', 0, 'XAF', '237', NOW(), NOW()),
(38, 1, 'Canada', '', 'CA', 'CAN', '%company\r\n%firstname %lastname\r\n%address1\r\n%address2\r\n%postcode %city\r\n%zone_name\r\n%country_name', 0, 'CAD', '1', NOW(), NOW()),
(39, 1, 'Cape Verde', '', 'CV', 'CPV', '%company\r\n%firstname %lastname\r\n%address1\r\n%address2\r\n%postcode %city\r\n%zone_name\r\n%country_name', 0, 'CVE', '238', NOW(), NOW()),
(40, 1, 'Cayman Islands', '', 'KY', 'CYM', '%company\r\n%firstname %lastname\r\n%address1\r\n%address2\r\n%postcode %city\r\n%zone_name\r\n%country_name', 0, 'KYD', '134', NOW(), NOW()),
(41, 1, 'Central African Republic', '', 'CF', 'CAF', '%company\r\n%firstname %lastname\r\n%address1\r\n%address2\r\n%postcode %city\r\n%zone_name\r\n%country_name', 0, 'XAF', '236', NOW(), NOW()),
(42, 1, 'Chad', '', 'TD', 'TCD', '%company\r\n%firstname %lastname\r\n%address1\r\n%address2\r\n%postcode %city\r\n%zone_name\r\n%country_name', 0, 'XAF', '235', NOW(), NOW()),
(43, 1, 'Chile', '', 'CL', 'CHL', '%company\r\n%firstname %lastname\r\n%address1\r\n%address2\r\n%postcode %city\r\n%zone_name\r\n%country_name', 0, 'CLP', '56', NOW(), NOW()),
(44, 1, 'China', '', 'CN', 'CHN', '%company\r\n%firstname %lastname\r\n%address1\r\n%address2\r\n%postcode %city\r\n%zone_name\r\n%country_name', 0, 'CNY', '86', NOW(), NOW()),
(45, 1, 'Christmas Island', '', 'CX', 'CXR', '%company\r\n%firstname %lastname\r\n%address1\r\n%address2\r\n%postcode %city\r\n%zone_name\r\n%country_name', 0, 'AUD', '61', NOW(), NOW()),
(46, 1, 'Cocos (Keeling) Islands', '', 'CC', 'CCK', '%company\r\n%firstname %lastname\r\n%address1\r\n%address2\r\n%postcode %city\r\n%zone_name\r\n%country_name', 0, 'AUD', '61', NOW(), NOW()),
(47, 1, 'Colombia', '', 'CO', 'COL', '%company\r\n%firstname %lastname\r\n%address1\r\n%address2\r\n%postcode %city\r\n%zone_name\r\n%country_name', 0, 'COP', '57', NOW(), NOW()),
(48, 1, 'Comoros', '', 'KM', 'COM', '%company\r\n%firstname %lastname\r\n%address1\r\n%address2\r\n%postcode %city\r\n%zone_name\r\n%country_name', 0, 'KMF', '269', NOW(), NOW()),
(49, 1, 'Congo', '', 'CG', 'COG', '%company\r\n%firstname %lastname\r\n%address1\r\n%address2\r\n%postcode %city\r\n%zone_name\r\n%country_name', 0, 'XAF', '242', NOW(), NOW()),
(50, 1, 'Cook Islands', '', 'CK', 'COK', '%company\r\n%firstname %lastname\r\n%address1\r\n%address2\r\n%postcode %city\r\n%zone_name\r\n%country_name', 0, 'NZD', '682', NOW(), NOW()),
(51, 1, 'Costa Rica', '', 'CR', 'CRI', '%company\r\n%firstname %lastname\r\n%address1\r\n%address2\r\n%postcode %city\r\n%zone_name\r\n%country_name', 0, 'CRC', '506', NOW(), NOW()),
(52, 1, 'Cote D''Ivoire', '', 'CI', 'CIV', '%company\r\n%firstname %lastname\r\n%address1\r\n%address2\r\n%postcode %city\r\n%zone_name\r\n%country_name', 0, 'XOF', '225', NOW(), NOW()),
(53, 1, 'Croatia', '', 'HR', 'HRV', '%company\r\n%firstname %lastname\r\n%address1\r\n%address2\r\n%postcode %city\r\n%zone_name\r\n%country_name', 0, 'HRK', '385', NOW(), NOW()),
(54, 1, 'Cuba', '', 'CU', 'CUB', '%company\r\n%firstname %lastname\r\n%address1\r\n%address2\r\n%postcode %city\r\n%zone_name\r\n%country_name', 0, 'CUP', '53', NOW(), NOW()),
(55, 1, 'Cyprus', '', 'CY', 'CYP', '%company\r\n%firstname %lastname\r\n%address1\r\n%address2\r\n%postcode %city\r\n%zone_name\r\n%country_name', 0, 'EUR', '357', NOW(), NOW()),
(56, 1, 'Czech Republic', '', 'CZ', 'CZE', '%company\r\n%firstname %lastname\r\n%address1\r\n%address2\r\n%postcode %city\r\n%zone_name\r\n%country_name', 0, 'CZK', '420', NOW(), NOW()),
(57, 1, 'Denmark', '', 'DK', 'DNK', '%company\r\n%firstname %lastname\r\n%address1\r\n%address2\r\n%postcode %city\r\n%zone_name\r\n%country_name', 0, 'DKK', '45', NOW(), NOW()),
(58, 1, 'Djibouti', '', 'DJ', 'DJI', '%company\r\n%firstname %lastname\r\n%address1\r\n%address2\r\n%postcode %city\r\n%zone_name\r\n%country_name', 0, 'DJF', '253', NOW(), NOW()),
(59, 1, 'Dominica', '', 'DM', 'DMA', '%company\r\n%firstname %lastname\r\n%address1\r\n%address2\r\n%postcode %city\r\n%zone_name\r\n%country_name', 0, 'XCD', '176', NOW(), NOW()),
(60, 1, 'Dominican Republic', '', 'DO', 'DOM', '%company\r\n%firstname %lastname\r\n%address1\r\n%address2\r\n%postcode %city\r\n%zone_name\r\n%country_name', 0, 'DOP', '180', NOW(), NOW()),
(61, 1, 'East Timor', '', 'TP', 'TMP', '%company\r\n%firstname %lastname\r\n%address1\r\n%address2\r\n%postcode %city\r\n%zone_name\r\n%country_name', 0, 'USD', '670', NOW(), NOW()),
(62, 1, 'Ecuador', '', 'EC', 'ECU', '%company\r\n%firstname %lastname\r\n%address1\r\n%address2\r\n%postcode %city\r\n%zone_name\r\n%country_name', 0, 'ECS', '593', NOW(), NOW()),
(63, 1, 'Egypt', '', 'EG', 'EGY', '%company\r\n%firstname %lastname\r\n%address1\r\n%address2\r\n%postcode %city\r\n%zone_name\r\n%country_name', 0, 'EGP', '20', NOW(), NOW()),
(64, 1, 'El Salvador', '', 'SV', 'SLV', '%company\r\n%firstname %lastname\r\n%address1\r\n%address2\r\n%postcode %city\r\n%zone_name\r\n%country_name', 0, 'SVC', '503', NOW(), NOW()),
(65, 1, 'Equatorial Guinea', '', 'GQ', 'GNQ', '%company\r\n%firstname %lastname\r\n%address1\r\n%address2\r\n%postcode %city\r\n%zone_name\r\n%country_name', 0, 'XAF', '240', NOW(), NOW()),
(66, 1, 'Eritrea', '', 'ER', 'ERI', '%company\r\n%firstname %lastname\r\n%address1\r\n%address2\r\n%postcode %city\r\n%zone_name\r\n%country_name', 0, 'ERN', '291', NOW(), NOW()),
(67, 1, 'Estonia', '', 'EE', 'EST', '%company\r\n%firstname %lastname\r\n%address1\r\n%address2\r\n%postcode %city\r\n%zone_name\r\n%country_name', 0, 'EUR', '372', NOW(), NOW()),
(68, 1, 'Ethiopia', '', 'ET', 'ETH', '%company\r\n%firstname %lastname\r\n%address1\r\n%address2\r\n%postcode %city\r\n%zone_name\r\n%country_name', 0, 'ETB', '251', NOW(), NOW()),
(69, 1, 'Falkland Islands (Malvinas)', '', 'FK', 'FLK', '%company\r\n%firstname %lastname\r\n%address1\r\n%address2\r\n%postcode %city\r\n%zone_name\r\n%country_name', 0, 'FKP', '500', NOW(), NOW()),
(70, 1, 'Faroe Islands', '', 'FO', 'FRO', '%company\r\n%firstname %lastname\r\n%address1\r\n%address2\r\n%postcode %city\r\n%zone_name\r\n%country_name', 0, 'DKK', '298', NOW(), NOW()),
(71, 1, 'Fiji', '', 'FJ', 'FJI', '%company\r\n%firstname %lastname\r\n%address1\r\n%address2\r\n%postcode %city\r\n%zone_name\r\n%country_name', 0, 'FJD', '679', NOW(), NOW()),
(72, 1, 'Finland', '', 'FI', 'FIN', '%company\r\n%firstname %lastname\r\n%address1\r\n%address2\r\n%postcode %city\r\n%zone_name\r\n%country_name', 0, 'EUR', '358', NOW(), NOW()),
(73, 1, 'France', '', 'FR', 'FRA', '%company\r\n%firstname %lastname\r\n%address1\r\n%address2\r\n%postcode %city\r\n%zone_name\r\n%country_name', 0, 'EUR', '33', NOW(), NOW()),
(74, 1, 'France, Metropolitan', '', 'FX', 'FXX', '%company\r\n%firstname %lastname\r\n%address1\r\n%address2\r\n%postcode %city\r\n%zone_name\r\n%country_name', 0, 'EUR', '33', NOW(), NOW()),
(75, 1, 'French Guiana', '', 'GF', 'GUF', '%company\r\n%firstname %lastname\r\n%address1\r\n%address2\r\n%postcode %city\r\n%zone_name\r\n%country_name', 0, 'EUR', '594', NOW(), NOW()),
(76, 1, 'French Polynesia', '', 'PF', 'PYF', '%company\r\n%firstname %lastname\r\n%address1\r\n%address2\r\n%postcode %city\r\n%zone_name\r\n%country_name', 0, 'XPF', '689', NOW(), NOW()),
(77, 1, 'French Southern Territories', '', 'TF', 'ATF', '%company\r\n%firstname %lastname\r\n%address1\r\n%address2\r\n%postcode %city\r\n%zone_name\r\n%country_name', 0, 'EUR', '262', NOW(), NOW()),
(78, 1, 'Gabon', '', 'GA', 'GAB', '%company\r\n%firstname %lastname\r\n%address1\r\n%address2\r\n%postcode %city\r\n%zone_name\r\n%country_name', 0, 'XAF', '241', NOW(), NOW()),
(79, 1, 'Gambia', '', 'GM', 'GMB', '%company\r\n%firstname %lastname\r\n%address1\r\n%address2\r\n%postcode %city\r\n%zone_name\r\n%country_name', 0, 'GMD', '220', NOW(), NOW()),
(80, 1, 'Georgia', '', 'GE', 'GEO', '%company\r\n%firstname %lastname\r\n%address1\r\n%address2\r\n%postcode %city\r\n%zone_name\r\n%country_name', 0, 'GEL', '995', NOW(), NOW()),
(81, 1, 'Germany', '', 'DE', 'DEU', '%company\r\n%firstname %lastname\r\n%address1\r\n%address2\r\n%postcode %city\r\n%zone_name\r\n%country_name', 0, 'EUR', '49', NOW(), NOW()),
(82, 1, 'Ghana', '', 'GH', 'GHA', '%company\r\n%firstname %lastname\r\n%address1\r\n%address2\r\n%postcode %city\r\n%zone_name\r\n%country_name', 0, 'GHS', '233', NOW(), NOW()),
(83, 1, 'Gibraltar', '', 'GI', 'GIB', '%company\r\n%firstname %lastname\r\n%address1\r\n%address2\r\n%postcode %city\r\n%zone_name\r\n%country_name', 0, 'GIP', '350', NOW(), NOW()),
(84, 1, 'Greece', '', 'GR', 'GRC', '%company\r\n%firstname %lastname\r\n%address1\r\n%address2\r\n%postcode %city\r\n%zone_name\r\n%country_name', 0, 'EUR', '30', NOW(), NOW()),
(85, 1, 'Greenland', '', 'GL', 'GRL', '%company\r\n%firstname %lastname\r\n%address1\r\n%address2\r\n%postcode %city\r\n%zone_name\r\n%country_name', 0, 'DKK', '299', NOW(), NOW()),
(86, 1, 'Grenada', '', 'GD', 'GRD', '%company\r\n%firstname %lastname\r\n%address1\r\n%address2\r\n%postcode %city\r\n%zone_name\r\n%country_name', 0, 'XCD', '147', NOW(), NOW()),
(87, 1, 'Guadeloupe', '', 'GP', 'GLP', '%company\r\n%firstname %lastname\r\n%address1\r\n%address2\r\n%postcode %city\r\n%zone_name\r\n%country_name', 0, 'EUR', '590', NOW(), NOW()),
(88, 1, 'Guam', '', 'GU', 'GUM', '%company\r\n%firstname %lastname\r\n%address1\r\n%address2\r\n%postcode %city\r\n%zone_name\r\n%country_name', 0, 'USD', '167', NOW(), NOW()),
(89, 1, 'Guatemala', '', 'GT', 'GTM', '%company\r\n%firstname %lastname\r\n%address1\r\n%address2\r\n%postcode %city\r\n%zone_name\r\n%country_name', 0, 'QTQ', '502', NOW(), NOW()),
(90, 1, 'Guinea', '', 'GN', 'GIN', '%company\r\n%firstname %lastname\r\n%address1\r\n%address2\r\n%postcode %city\r\n%zone_name\r\n%country_name', 0, 'GNF', '224', NOW(), NOW()),
(91, 1, 'Guinea-bissau', '', 'GW', 'GNB', '%company\r\n%firstname %lastname\r\n%address1\r\n%address2\r\n%postcode %city\r\n%zone_name\r\n%country_name', 0, 'GWP', '245', NOW(), NOW()),
(92, 1, 'Guyana', '', 'GY', 'GUY', '%company\r\n%firstname %lastname\r\n%address1\r\n%address2\r\n%postcode %city\r\n%zone_name\r\n%country_name', 0, 'GYD', '592', NOW(), NOW()),
(93, 1, 'Haiti', '', 'HT', 'HTI', '%company\r\n%firstname %lastname\r\n%address1\r\n%address2\r\n%postcode %city\r\n%zone_name\r\n%country_name', 0, 'HTG', '509', NOW(), NOW()),
(94, 1, 'Heard and McDonald Islands', '', 'HM', 'HMD', '%company\r\n%firstname %lastname\r\n%address1\r\n%address2\r\n%postcode %city\r\n%zone_name\r\n%country_name', 0, 'AUD', '0', NOW(), NOW()),
(95, 1, 'Honduras', '', 'HN', 'HND', '%company\r\n%firstname %lastname\r\n%address1\r\n%address2\r\n%postcode %city\r\n%zone_name\r\n%country_name', 0, 'HNL', '504', NOW(), NOW()),
(96, 1, 'Hong Kong', '', 'HK', 'HKG', '%company\r\n%firstname %lastname\r\n%address1\r\n%address2\r\n%postcode %city\r\n%zone_name\r\n%country_name', 0, 'HKD', '852', NOW(), NOW()),
(97, 1, 'Hungary', '', 'HU', 'HUN', '%company\r\n%firstname %lastname\r\n%address1\r\n%address2\r\n%postcode %city\r\n%zone_name\r\n%country_name', 0, 'HUF', '36', NOW(), NOW()),
(98, 1, 'Iceland', '', 'IS', 'ISL', '%company\r\n%firstname %lastname\r\n%address1\r\n%address2\r\n%postcode %city\r\n%zone_name\r\n%country_name', 0, 'ISK', '354', NOW(), NOW()),
(99, 1, 'India', '', 'IN', 'IND', '%company\r\n%firstname %lastname\r\n%address1\r\n%address2\r\n%postcode %city\r\n%zone_name\r\n%country_name', 0, 'INR', '91', NOW(), NOW()),
(100, 1, 'Indonesia', '', 'ID', 'IDN', '%company\r\n%firstname %lastname\r\n%address1\r\n%address2\r\n%postcode %city\r\n%zone_name\r\n%country_name', 0, 'IDR', '62', NOW(), NOW()),
(101, 1, 'Iran, Islamic Republic of', '', 'IR', 'IRN', '%company\r\n%firstname %lastname\r\n%address1\r\n%address2\r\n%postcode %city\r\n%zone_name\r\n%country_name', 0, 'IRR', '98', NOW(), NOW()),
(102, 1, 'Iraq', '', 'IQ', 'IRQ', '%company\r\n%firstname %lastname\r\n%address1\r\n%address2\r\n%postcode %city\r\n%zone_name\r\n%country_name', 0, 'IQD', '964', NOW(), NOW()),
(103, 1, 'Ireland', '', 'IE', 'IRL', '%company\r\n%firstname %lastname\r\n%address1\r\n%address2\r\n%postcode %city\r\n%zone_name\r\n%country_name', 0, 'EUR', '353', NOW(), NOW()),
(104, 1, 'Israel', '', 'IL', 'ISR', '%company\r\n%firstname %lastname\r\n%address1\r\n%address2\r\n%postcode %city\r\n%zone_name\r\n%country_name', 0, 'ILS', '972', NOW(), NOW()),
(105, 1, 'Italy', '', 'IT', 'ITA', '%company\r\n%firstname %lastname\r\n%address1\r\n%address2\r\n%postcode %city\r\n%zone_name\r\n%country_name', 0, 'EUR', '39', NOW(), NOW()),
(106, 1, 'Jamaica', '', 'JM', 'JAM', '%company\r\n%firstname %lastname\r\n%address1\r\n%address2\r\n%postcode %city\r\n%zone_name\r\n%country_name', 0, 'JMD', '187', NOW(), NOW()),
(107, 1, 'Japan', '', 'JP', 'JPN', '%company\r\n%firstname %lastname\r\n%address1\r\n%address2\r\n%postcode %city\r\n%zone_name\r\n%country_name', 0, 'JPY', '81', NOW(), NOW()),
(108, 1, 'Jordan', '', 'JO', 'JOR', '%company\r\n%firstname %lastname\r\n%address1\r\n%address2\r\n%postcode %city\r\n%zone_name\r\n%country_name', 0, 'JOD', '962', NOW(), NOW()),
(109, 1, 'Kazakhstan', '', 'KZ', 'KAZ', '%company\r\n%firstname %lastname\r\n%address1\r\n%address2\r\n%postcode %city\r\n%zone_name\r\n%country_name', 0, 'KZT', '7', NOW(), NOW()),
(110, 1, 'Kenya', '', 'KE', 'KEN', '%company\r\n%firstname %lastname\r\n%address1\r\n%address2\r\n%postcode %city\r\n%zone_name\r\n%country_name', 0, 'KES', '254', NOW(), NOW()),
(111, 1, 'Kiribati', '', 'KI', 'KIR', '%company\r\n%firstname %lastname\r\n%address1\r\n%address2\r\n%postcode %city\r\n%zone_name\r\n%country_name', 0, 'AUD', '686', NOW(), NOW()),
(112, 1, 'North Korea', '', 'KP', 'PRK', '%company\r\n%firstname %lastname\r\n%address1\r\n%address2\r\n%postcode %city\r\n%zone_name\r\n%country_name', 0, 'KPW', '850', NOW(), NOW()),
(113, 1, 'Korea, Republic of', '', 'KR', 'KOR', '%company\r\n%firstname %lastname\r\n%address1\r\n%address2\r\n%postcode %city\r\n%zone_name\r\n%country_name', 0, 'KRW', '82', NOW(), NOW()),
(114, 1, 'Kuwait', '', 'KW', 'KWT', '%company\r\n%firstname %lastname\r\n%address1\r\n%address2\r\n%postcode %city\r\n%zone_name\r\n%country_name', 0, 'KWD', '965', NOW(), NOW()),
(115, 1, 'Kyrgyzstan', '', 'KG', 'KGZ', '%company\r\n%firstname %lastname\r\n%address1\r\n%address2\r\n%postcode %city\r\n%zone_name\r\n%country_name', 0, 'KGS', '996', NOW(), NOW()),
(116, 1, 'Lao People''s Democratic Republic', '', 'LA', 'LAO', '%company\r\n%firstname %lastname\r\n%address1\r\n%address2\r\n%postcode %city\r\n%zone_name\r\n%country_name', 0, 'LAK', '856', NOW(), NOW()),
(117, 1, 'Latvia', '', 'LV', 'LVA', '%company\r\n%firstname %lastname\r\n%address1\r\n%address2\r\n%postcode %city\r\n%zone_name\r\n%country_name', 0, 'LVL', '371', NOW(), NOW()),
(118, 1, 'Lebanon', '', 'LB', 'LBN', '%company\r\n%firstname %lastname\r\n%address1\r\n%address2\r\n%postcode %city\r\n%zone_name\r\n%country_name', 0, 'LBP', '961', NOW(), NOW()),
(119, 1, 'Lesotho', '', 'LS', 'LSO', '%company\r\n%firstname %lastname\r\n%address1\r\n%address2\r\n%postcode %city\r\n%zone_name\r\n%country_name', 0, 'LSL', '266', NOW(), NOW()),
(120, 1, 'Liberia', '', 'LR', 'LBR', '%company\r\n%firstname %lastname\r\n%address1\r\n%address2\r\n%postcode %city\r\n%zone_name\r\n%country_name', 0, 'LRD', '231', NOW(), NOW()),
(121, 1, 'Libyan Arab Jamahiriya', '', 'LY', 'LBY', '%company\r\n%firstname %lastname\r\n%address1\r\n%address2\r\n%postcode %city\r\n%zone_name\r\n%country_name', 0, 'LYD', '218', NOW(), NOW()),
(122, 1, 'Liechtenstein', '', 'LI', 'LIE', '%company\r\n%firstname %lastname\r\n%address1\r\n%address2\r\n%postcode %city\r\n%zone_name\r\n%country_name', 0, 'CHF', '423', NOW(), NOW()),
(123, 1, 'Lithuania', '', 'LT', 'LTU', '%company\r\n%firstname %lastname\r\n%address1\r\n%address2\r\n%postcode %city\r\n%zone_name\r\n%country_name', 0, 'LTL', '370', NOW(), NOW()),
(124, 1, 'Luxembourg', '', 'LU', 'LUX', '%company\r\n%firstname %lastname\r\n%address1\r\n%address2\r\n%postcode %city\r\n%zone_name\r\n%country_name', 0, 'EUR', '352', NOW(), NOW()),
(125, 1, 'Macau', '', 'MO', 'MAC', '%company\r\n%firstname %lastname\r\n%address1\r\n%address2\r\n%postcode %city\r\n%zone_name\r\n%country_name', 0, 'MOP', '853', NOW(), NOW()),
(126, 1, 'Macedonia', '', 'MK', 'MKD', '%company\r\n%firstname %lastname\r\n%address1\r\n%address2\r\n%postcode %city\r\n%zone_name\r\n%country_name', 0, 'MKD', '389', NOW(), NOW()),
(127, 1, 'Madagascar', '', 'MG', 'MDG', '%company\r\n%firstname %lastname\r\n%address1\r\n%address2\r\n%postcode %city\r\n%zone_name\r\n%country_name', 0, 'MGF', '261', NOW(), NOW()),
(128, 1, 'Malawi', '', 'MW', 'MWI', '%company\r\n%firstname %lastname\r\n%address1\r\n%address2\r\n%postcode %city\r\n%zone_name\r\n%country_name', 0, 'MWK', '265', NOW(), NOW()),
(129, 1, 'Malaysia', '', 'MY', 'MYS', '%company\r\n%firstname %lastname\r\n%address1\r\n%address2\r\n%postcode %city\r\n%zone_name\r\n%country_name', 0, 'MYR', '60', NOW(), NOW()),
(130, 1, 'Maldives', '', 'MV', 'MDV', '%company\r\n%firstname %lastname\r\n%address1\r\n%address2\r\n%postcode %city\r\n%zone_name\r\n%country_name', 0, 'MVR', '960', NOW(), NOW()),
(131, 1, 'Mali', '', 'ML', 'MLI', '%company\r\n%firstname %lastname\r\n%address1\r\n%address2\r\n%postcode %city\r\n%zone_name\r\n%country_name', 0, 'XOF', '223', NOW(), NOW()),
(132, 1, 'Malta', '', 'MT', 'MLT', '%company\r\n%firstname %lastname\r\n%address1\r\n%address2\r\n%postcode %city\r\n%zone_name\r\n%country_name', 0, 'EUR', '356', NOW(), NOW()),
(133, 1, 'Marshall Islands', '', 'MH', 'MHL', '%company\r\n%firstname %lastname\r\n%address1\r\n%address2\r\n%postcode %city\r\n%zone_name\r\n%country_name', 0, 'USD', '692', NOW(), NOW()),
(134, 1, 'Martinique', '', 'MQ', 'MTQ', '%company\r\n%firstname %lastname\r\n%address1\r\n%address2\r\n%postcode %city\r\n%zone_name\r\n%country_name', 0, 'EUR', '596', NOW(), NOW()),
(135, 1, 'Mauritania', '', 'MR', 'MRT', '%company\r\n%firstname %lastname\r\n%address1\r\n%address2\r\n%postcode %city\r\n%zone_name\r\n%country_name', 0, 'MRO', '222', NOW(), NOW()),
(136, 1, 'Mauritius', '', 'MU', 'MUS', '%company\r\n%firstname %lastname\r\n%address1\r\n%address2\r\n%postcode %city\r\n%zone_name\r\n%country_name', 0, 'MUR', '230', NOW(), NOW()),
(137, 1, 'Mayotte', '', 'YT', 'MYT', '%company\r\n%firstname %lastname\r\n%address1\r\n%address2\r\n%postcode %city\r\n%zone_name\r\n%country_name', 0, 'EUR', '262', NOW(), NOW()),
(138, 1, 'Mexico', '', 'MX', 'MEX', '%company\r\n%firstname %lastname\r\n%address1\r\n%address2\r\n%postcode %city\r\n%zone_name\r\n%country_name', 0, 'MXN', '52', NOW(), NOW()),
(139, 1, 'Micronesia, Federated States of', '', 'FM', 'FSM', '%company\r\n%firstname %lastname\r\n%address1\r\n%address2\r\n%postcode %city\r\n%zone_name\r\n%country_name', 0, 'USD', '691', NOW(), NOW()),
(140, 1, 'Moldova, Republic of', '', 'MD', 'MDA', '%company\r\n%firstname %lastname\r\n%address1\r\n%address2\r\n%postcode %city\r\n%zone_name\r\n%country_name', 0, 'MDL', '373', NOW(), NOW()),
(141, 1, 'Monaco', '', 'MC', 'MCO', '%company\r\n%firstname %lastname\r\n%address1\r\n%address2\r\n%postcode %city\r\n%zone_name\r\n%country_name', 0, 'EUR', '377', NOW(), NOW()),
(142, 1, 'Mongolia', '', 'MN', 'MNG', '%company\r\n%firstname %lastname\r\n%address1\r\n%address2\r\n%postcode %city\r\n%zone_name\r\n%country_name', 0, 'MNT', '976', NOW(), NOW()),
(143, 1, 'Montserrat', '', 'MS', 'MSR', '%company\r\n%firstname %lastname\r\n%address1\r\n%address2\r\n%postcode %city\r\n%zone_name\r\n%country_name', 0, 'XCD', '166', NOW(), NOW()),
(144, 1, 'Morocco', '', 'MA', 'MAR', '%company\r\n%firstname %lastname\r\n%address1\r\n%address2\r\n%postcode %city\r\n%zone_name\r\n%country_name', 0, 'MAD', '212', NOW(), NOW()),
(145, 1, 'Mozambique', '', 'MZ', 'MOZ', '%company\r\n%firstname %lastname\r\n%address1\r\n%address2\r\n%postcode %city\r\n%zone_name\r\n%country_name', 0, 'MZN', '258', NOW(), NOW()),
(146, 1, 'Myanmar', '', 'MM', 'MMR', '%company\r\n%firstname %lastname\r\n%address1\r\n%address2\r\n%postcode %city\r\n%zone_name\r\n%country_name', 0, 'MMK', '95', NOW(), NOW()),
(147, 1, 'Namibia', '', 'NA', 'NAM', '%company\r\n%firstname %lastname\r\n%address1\r\n%address2\r\n%postcode %city\r\n%zone_name\r\n%country_name', 0, 'NAD', '264', NOW(), NOW()),
(148, 1, 'Nauru', '', 'NR', 'NRU', '%company\r\n%firstname %lastname\r\n%address1\r\n%address2\r\n%postcode %city\r\n%zone_name\r\n%country_name', 0, 'AUD', '674', NOW(), NOW()),
(149, 1, 'Nepal', '', 'NP', 'NPL', '%company\r\n%firstname %lastname\r\n%address1\r\n%address2\r\n%postcode %city\r\n%zone_name\r\n%country_name', 0, 'NPR', '977', NOW(), NOW()),
(150, 1, 'Netherlands', '', 'NL', 'NLD', '%company\r\n%firstname %lastname\r\n%address1\r\n%address2\r\n%postcode %city\r\n%zone_name\r\n%country_name', 0, 'EUR', '31', NOW(), NOW()),
(151, 1, 'Netherlands Antilles', '', 'AN', 'ANT', '%company\r\n%firstname %lastname\r\n%address1\r\n%address2\r\n%postcode %city\r\n%zone_name\r\n%country_name', 0, 'ANG', '599', NOW(), NOW()),
(152, 1, 'New Caledonia', '', 'NC', 'NCL', '%company\r\n%firstname %lastname\r\n%address1\r\n%address2\r\n%postcode %city\r\n%zone_name\r\n%country_name', 0, 'XPF', '687', NOW(), NOW()),
(153, 1, 'New Zealand', '', 'NZ', 'NZL', '%company\r\n%firstname %lastname\r\n%address1\r\n%address2\r\n%postcode %city\r\n%zone_name\r\n%country_name', 0, 'NZD', '64', NOW(), NOW()),
(154, 1, 'Nicaragua', '', 'NI', 'NIC', '%company\r\n%firstname %lastname\r\n%address1\r\n%address2\r\n%postcode %city\r\n%zone_name\r\n%country_name', 0, 'NIO', '505', NOW(), NOW()),
(155, 1, 'Niger', '', 'NE', 'NER', '%company\r\n%firstname %lastname\r\n%address1\r\n%address2\r\n%postcode %city\r\n%zone_name\r\n%country_name', 0, 'XOF', '227', NOW(), NOW()),
(156, 1, 'Nigeria', '', 'NG', 'NGA', '%company\r\n%firstname %lastname\r\n%address1\r\n%address2\r\n%postcode %city\r\n%zone_name\r\n%country_name', 0, 'NGN', '234', NOW(), NOW()),
(157, 1, 'Niue', '', 'NU', 'NIU', '%company\r\n%firstname %lastname\r\n%address1\r\n%address2\r\n%postcode %city\r\n%zone_name\r\n%country_name', 0, 'NZD', '683', NOW(), NOW()),
(158, 1, 'Norfolk Island', '', 'NF', 'NFK', '%company\r\n%firstname %lastname\r\n%address1\r\n%address2\r\n%postcode %city\r\n%zone_name\r\n%country_name', 0, 'AUD', '672', NOW(), NOW()),
(159, 1, 'Northern Mariana Islands', '', 'MP', 'MNP', '%company\r\n%firstname %lastname\r\n%address1\r\n%address2\r\n%postcode %city\r\n%zone_name\r\n%country_name', 0, 'USD', '167', NOW(), NOW()),
(160, 1, 'Norway', '', 'NO', 'NOR', '%company\r\n%firstname %lastname\r\n%address1\r\n%address2\r\n%postcode %city\r\n%zone_name\r\n%country_name', 0, 'NOK', '47', NOW(), NOW()),
(161, 1, 'Oman', '', 'OM', 'OMN', '%company\r\n%firstname %lastname\r\n%address1\r\n%address2\r\n%postcode %city\r\n%zone_name\r\n%country_name', 0, 'OMR', '968', NOW(), NOW()),
(162, 1, 'Pakistan', '', 'PK', 'PAK', '%company\r\n%firstname %lastname\r\n%address1\r\n%address2\r\n%postcode %city\r\n%zone_name\r\n%country_name', 0, 'PKR', '92', NOW(), NOW()),
(163, 1, 'Palau', '', 'PW', 'PLW', '%company\r\n%firstname %lastname\r\n%address1\r\n%address2\r\n%postcode %city\r\n%zone_name\r\n%country_name', 0, 'USD', '680', NOW(), NOW()),
(164, 1, 'Panama', '', 'PA', 'PAN', '%company\r\n%firstname %lastname\r\n%address1\r\n%address2\r\n%postcode %city\r\n%zone_name\r\n%country_name', 0, 'PAB', '507', NOW(), NOW()),
(165, 1, 'Papua New Guinea', '', 'PG', 'PNG', '%company\r\n%firstname %lastname\r\n%address1\r\n%address2\r\n%postcode %city\r\n%zone_name\r\n%country_name', 0, 'PGK', '675', NOW(), NOW()),
(166, 1, 'Paraguay', '', 'PY', 'PRY', '%company\r\n%firstname %lastname\r\n%address1\r\n%address2\r\n%postcode %city\r\n%zone_name\r\n%country_name', 0, 'PYG', '595', NOW(), NOW()),
(167, 1, 'Peru', '', 'PE', 'PER', '%company\r\n%firstname %lastname\r\n%address1\r\n%address2\r\n%postcode %city\r\n%zone_name\r\n%country_name', 0, 'PEN', '51', NOW(), NOW()),
(168, 1, 'Philippines', '', 'PH', 'PHL', '%company\r\n%firstname %lastname\r\n%address1\r\n%address2\r\n%postcode %city\r\n%zone_name\r\n%country_name', 0, 'PHP', '63', NOW(), NOW()),
(169, 1, 'Pitcairn', '', 'PN', 'PCN', '%company\r\n%firstname %lastname\r\n%address1\r\n%address2\r\n%postcode %city\r\n%zone_name\r\n%country_name', 0, 'NZD', '870', NOW(), NOW()),
(170, 1, 'Poland', '', 'PL', 'POL', '%company\r\n%firstname %lastname\r\n%address1\r\n%address2\r\n%postcode %city\r\n%zone_name\r\n%country_name', 0, 'PLN', '48', NOW(), NOW()),
(171, 1, 'Portugal', '', 'PT', 'PRT', '%company\r\n%firstname %lastname\r\n%address1\r\n%address2\r\n%postcode %city\r\n%zone_name\r\n%country_name', 0, 'EUR', '351', NOW(), NOW()),
(172, 1, 'Puerto Rico', '', 'PR', 'PRI', '%company\r\n%firstname %lastname\r\n%address1\r\n%address2\r\n%postcode %city\r\n%zone_name\r\n%country_name', 0, 'USD', '1', NOW(), NOW()),
(173, 1, 'Qatar', '', 'QA', 'QAT', '%company\r\n%firstname %lastname\r\n%address1\r\n%address2\r\n%postcode %city\r\n%zone_name\r\n%country_name', 0, 'QAR', '974', NOW(), NOW()),
(174, 1, 'Reunion', '', 'RE', 'REU', '%company\r\n%firstname %lastname\r\n%address1\r\n%address2\r\n%postcode %city\r\n%zone_name\r\n%country_name', 0, 'EUR', '262', NOW(), NOW()),
(175, 1, 'Romania', '', 'RO', 'ROM', '%company\r\n%firstname %lastname\r\n%address1\r\n%address2\r\n%postcode %city\r\n%zone_name\r\n%country_name', 0, 'RON', '40', NOW(), NOW()),
(176, 1, 'Russian Federation', '', 'RU', 'RUS', '%company\r\n%firstname %lastname\r\n%address1\r\n%address2\r\n%postcode %city\r\n%zone_name\r\n%country_name', 0, 'RUB', '7', NOW(), NOW()),
(177, 1, 'Rwanda', '', 'RW', 'RWA', '%company\r\n%firstname %lastname\r\n%address1\r\n%address2\r\n%postcode %city\r\n%zone_name\r\n%country_name', 0, 'RWF', '250', NOW(), NOW()),
(178, 1, 'Saint Kitts and Nevis', '', 'KN', 'KNA', '%company\r\n%firstname %lastname\r\n%address1\r\n%address2\r\n%postcode %city\r\n%zone_name\r\n%country_name', 0, 'XCD', '186', NOW(), NOW()),
(179, 1, 'Saint Lucia', '', 'LC', 'LCA', '%company\r\n%firstname %lastname\r\n%address1\r\n%address2\r\n%postcode %city\r\n%zone_name\r\n%country_name', 0, 'XCD', '175', NOW(), NOW()),
(180, 1, 'Saint Vincent and the Grenadines', '', 'VC', 'VCT', '%company\r\n%firstname %lastname\r\n%address1\r\n%address2\r\n%postcode %city\r\n%zone_name\r\n%country_name', 0, 'XCD', '178', NOW(), NOW()),
(181, 1, 'Samoa', '', 'WS', 'WSM', '%company\r\n%firstname %lastname\r\n%address1\r\n%address2\r\n%postcode %city\r\n%zone_name\r\n%country_name', 0, 'WST', '685', NOW(), NOW()),
(182, 1, 'San Marino', '', 'SM', 'SMR', '%company\r\n%firstname %lastname\r\n%address1\r\n%address2\r\n%postcode %city\r\n%zone_name\r\n%country_name', 0, 'EUR', '378', NOW(), NOW()),
(183, 1, 'Sao Tome and Principe', '', 'ST', 'STP', '%company\r\n%firstname %lastname\r\n%address1\r\n%address2\r\n%postcode %city\r\n%zone_name\r\n%country_name', 0, 'STD', '239', NOW(), NOW()),
(184, 1, 'Saudi Arabia', '', 'SA', 'SAU', '%company\r\n%firstname %lastname\r\n%address1\r\n%address2\r\n%postcode %city\r\n%zone_name\r\n%country_name', 0, 'SAR', '966', NOW(), NOW()),
(185, 1, 'Senegal', '', 'SN', 'SEN', '%company\r\n%firstname %lastname\r\n%address1\r\n%address2\r\n%postcode %city\r\n%zone_name\r\n%country_name', 0, 'XOF', '221', NOW(), NOW()),
(186, 1, 'Seychelles', '', 'SC', 'SYC', '%company\r\n%firstname %lastname\r\n%address1\r\n%address2\r\n%postcode %city\r\n%zone_name\r\n%country_name', 0, 'SCR', '248', NOW(), NOW()),
(187, 1, 'Sierra Leone', '', 'SL', 'SLE', '%company\r\n%firstname %lastname\r\n%address1\r\n%address2\r\n%postcode %city\r\n%zone_name\r\n%country_name', 0, 'SLL', '232', NOW(), NOW()),
(188, 1, 'Singapore', '', 'SG', 'SGP', '%company\r\n%firstname %lastname\r\n%address1\r\n%address2\r\n%postcode %city\r\n%zone_name\r\n%country_name', 0, 'SGD', '65', NOW(), NOW()),
(189, 1, 'Slovak Republic', '', 'SK', 'SVK', '%company\r\n%firstname %lastname\r\n%address1\r\n%address2\r\n%postcode %city\r\n%zone_name\r\n%country_name', 0, 'EUR', '421', NOW(), NOW()),
(190, 1, 'Slovenia', '', 'SI', 'SVN', '%company\r\n%firstname %lastname\r\n%address1\r\n%address2\r\n%postcode %city\r\n%zone_name\r\n%country_name', 0, 'EUR', '386', NOW(), NOW()),
(191, 1, 'Solomon Islands', '', 'SB', 'SLB', '%company\r\n%firstname %lastname\r\n%address1\r\n%address2\r\n%postcode %city\r\n%zone_name\r\n%country_name', 0, 'SBD', '677', NOW(), NOW()),
(192, 1, 'Somalia', '', 'SO', 'SOM', '%company\r\n%firstname %lastname\r\n%address1\r\n%address2\r\n%postcode %city\r\n%zone_name\r\n%country_name', 0, 'SOS', '252', NOW(), NOW()),
(193, 1, 'South Africa', '', 'ZA', 'ZAF', '%company\r\n%firstname %lastname\r\n%address1\r\n%address2\r\n%postcode %city\r\n%zone_name\r\n%country_name', 0, 'ZAR', '27', NOW(), NOW()),
(194, 1, 'South Georgia and South Sandwich Islands', '', 'GS', 'SGS', '%company\r\n%firstname %lastname\r\n%address1\r\n%address2\r\n%postcode %city\r\n%zone_name\r\n%country_name', 0, 'GBP', '500', NOW(), NOW()),
(195, 1, 'Spain', '', 'ES', 'ESP', '%company\r\n%firstname %lastname\r\n%address1\r\n%address2\r\n%postcode %city\r\n%zone_name\r\n%country_name', 0, 'EUR', '34', NOW(), NOW()),
(196, 1, 'Sri Lanka', '', 'LK', 'LKA', '%company\r\n%firstname %lastname\r\n%address1\r\n%address2\r\n%postcode %city\r\n%zone_name\r\n%country_name', 0, 'LKR', '94', NOW(), NOW()),
(197, 1, 'St. Helena', '', 'SH', 'SHN', '%company\r\n%firstname %lastname\r\n%address1\r\n%address2\r\n%postcode %city\r\n%zone_name\r\n%country_name', 0, 'SHP', '290', NOW(), NOW()),
(198, 1, 'St. Pierre and Miquelon', '', 'PM', 'SPM', '%company\r\n%firstname %lastname\r\n%address1\r\n%address2\r\n%postcode %city\r\n%zone_name\r\n%country_name', 0, 'EUR', '508', NOW(), NOW()),
(199, 1, 'Sudan', '', 'SD', 'SDN', '%company\r\n%firstname %lastname\r\n%address1\r\n%address2\r\n%postcode %city\r\n%zone_name\r\n%country_name', 0, 'SDG', '249', NOW(), NOW()),
(200, 1, 'Suriname', '', 'SR', 'SUR', '%company\r\n%firstname %lastname\r\n%address1\r\n%address2\r\n%postcode %city\r\n%zone_name\r\n%country_name', 0, 'SRD', '597', NOW(), NOW()),
(201, 1, 'Svalbard and Jan Mayen Islands', '', 'SJ', 'SJM', '%company\r\n%firstname %lastname\r\n%address1\r\n%address2\r\n%postcode %city\r\n%zone_name\r\n%country_name', 0, 'NOK', '47', NOW(), NOW()),
(202, 1, 'Swaziland', '', 'SZ', 'SWZ', '%company\r\n%firstname %lastname\r\n%address1\r\n%address2\r\n%postcode %city\r\n%zone_name\r\n%country_name', 0, 'SZL', '268', NOW(), NOW()),
(203, 1, 'Sweden', '', 'SE', 'SWE', '%company\r\n%firstname %lastname\r\n%address1\r\n%address2\r\n%postcode %city\r\n%zone_name\r\n%country_name', 0, 'SEK', '46', NOW(), NOW()),
(204, 1, 'Switzerland', '', 'CH', 'CHE', '%company\r\n%firstname %lastname\r\n%address1\r\n%address2\r\n%postcode %city\r\n%zone_name\r\n%country_name', 0, 'CHF', '41', NOW(), NOW()),
(205, 1, 'Syrian Arab Republic', '', 'SY', 'SYR', '%company\r\n%firstname %lastname\r\n%address1\r\n%address2\r\n%postcode %city\r\n%zone_name\r\n%country_name', 0, 'SYP', '963', NOW(), NOW()),
(206, 1, 'Taiwan', '', 'TW', 'TWN', '%company\r\n%firstname %lastname\r\n%address1\r\n%address2\r\n%postcode %city\r\n%zone_name\r\n%country_name', 0, 'TWD', '886', NOW(), NOW()),
(207, 1, 'Tajikistan', '', 'TJ', 'TJK', '%company\r\n%firstname %lastname\r\n%address1\r\n%address2\r\n%postcode %city\r\n%zone_name\r\n%country_name', 0, 'TJS', '992', NOW(), NOW()),
(208, 1, 'Tanzania, United Republic of', '', 'TZ', 'TZA', '%company\r\n%firstname %lastname\r\n%address1\r\n%address2\r\n%postcode %city\r\n%zone_name\r\n%country_name', 0, 'TZS', '255', NOW(), NOW()),
(209, 1, 'Thailand', '', 'TH', 'THA', '%company\r\n%firstname %lastname\r\n%address1\r\n%address2\r\n%postcode %city\r\n%zone_name\r\n%country_name', 0, 'THB', '66', NOW(), NOW()),
(210, 1, 'Togo', '', 'TG', 'TGO', '%company\r\n%firstname %lastname\r\n%address1\r\n%address2\r\n%postcode %city\r\n%zone_name\r\n%country_name', 0, 'XOF', '228', NOW(), NOW()),
(211, 1, 'Tokelau', '', 'TK', 'TKL', '%company\r\n%firstname %lastname\r\n%address1\r\n%address2\r\n%postcode %city\r\n%zone_name\r\n%country_name', 0, 'NZD', '690', NOW(), NOW()),
(212, 1, 'Tonga', '', 'TO', 'TON', '%company\r\n%firstname %lastname\r\n%address1\r\n%address2\r\n%postcode %city\r\n%zone_name\r\n%country_name', 0, 'TOP', '676', NOW(), NOW()),
(213, 1, 'Trinidad and Tobago', '', 'TT', 'TTO', '%company\r\n%firstname %lastname\r\n%address1\r\n%address2\r\n%postcode %city\r\n%zone_name\r\n%country_name', 0, 'TTD', '186', NOW(), NOW()),
(214, 1, 'Tunisia', '', 'TN', 'TUN', '%company\r\n%firstname %lastname\r\n%address1\r\n%address2\r\n%postcode %city\r\n%zone_name\r\n%country_name', 0, 'TND', '216', NOW(), NOW()),
(215, 1, 'Turkey', '', 'TR', 'TUR', '%company\r\n%firstname %lastname\r\n%address1\r\n%address2\r\n%postcode %city\r\n%zone_name\r\n%country_name', 0, 'TRY', '90', NOW(), NOW()),
(216, 1, 'Turkmenistan', '', 'TM', 'TKM', '%company\r\n%firstname %lastname\r\n%address1\r\n%address2\r\n%postcode %city\r\n%zone_name\r\n%country_name', 0, 'TMT', '993', NOW(), NOW()),
(217, 1, 'Turks and Caicos Islands', '', 'TC', 'TCA', '%company\r\n%firstname %lastname\r\n%address1\r\n%address2\r\n%postcode %city\r\n%zone_name\r\n%country_name', 0, 'USD', '164', NOW(), NOW()),
(218, 1, 'Tuvalu', '', 'TV', 'TUV', '%company\r\n%firstname %lastname\r\n%address1\r\n%address2\r\n%postcode %city\r\n%zone_name\r\n%country_name', 0, 'AUD', '688', NOW(), NOW()),
(219, 1, 'Uganda', '', 'UG', 'UGA', '%company\r\n%firstname %lastname\r\n%address1\r\n%address2\r\n%postcode %city\r\n%zone_name\r\n%country_name', 0, 'UGX', '256', NOW(), NOW()),
(220, 1, 'Ukraine', '', 'UA', 'UKR', '%company\r\n%firstname %lastname\r\n%address1\r\n%address2\r\n%postcode %city\r\n%zone_name\r\n%country_name', 0, 'UAH', '380', NOW(), NOW()),
(221, 1, 'United Arab Emirates', '', 'AE', 'ARE', '%company\r\n%firstname %lastname\r\n%address1\r\n%address2\r\n%postcode %city\r\n%zone_name\r\n%country_name', 0, 'AED', '971', NOW(), NOW()),
(222, 1, 'United Kingdom', '', 'GB', 'GBR', '%company\r\n%firstname %lastname\r\n%address1\r\n%address2\r\n%postcode %city\r\n%zone_name\r\n%country_name', 1, 'GBP', '44', NOW(), NOW()),
(223, 1, 'United States', '', 'US', 'USA', '%company\r\n%firstname %lastname\r\n%address1\r\n%address2\r\n%postcode %city\r\n%zone_name\r\n%country_name', 0, 'USD', '1', NOW(), NOW()),
(224, 1, 'United States Minor Outlying Islands', '', 'UM', 'UMI', '%company\r\n%firstname %lastname\r\n%address1\r\n%address2\r\n%postcode %city\r\n%zone_name\r\n%country_name', 0, 'USD', '1', NOW(), NOW()),
(225, 1, 'Uruguay', '', 'UY', 'URY', '%company\r\n%firstname %lastname\r\n%address1\r\n%address2\r\n%postcode %city\r\n%zone_name\r\n%country_name', 0, 'UYU', '598', NOW(), NOW()),
(226, 1, 'Uzbekistan', '', 'UZ', 'UZB', '%company\r\n%firstname %lastname\r\n%address1\r\n%address2\r\n%postcode %city\r\n%zone_name\r\n%country_name', 0, 'UZS', '998', NOW(), NOW()),
(227, 1, 'Vanuatu', '', 'VU', 'VUT', '%company\r\n%firstname %lastname\r\n%address1\r\n%address2\r\n%postcode %city\r\n%zone_name\r\n%country_name', 0, 'VUV', '678', NOW(), NOW()),
(228, 1, 'Vatican City State (Holy See)', '', 'VA', 'VAT', '%company\r\n%firstname %lastname\r\n%address1\r\n%address2\r\n%postcode %city\r\n%zone_name\r\n%country_name', 0, 'EUR', '39', NOW(), NOW()),
(229, 1, 'Venezuela', '', 'VE', 'VEN', '%company\r\n%firstname %lastname\r\n%address1\r\n%address2\r\n%postcode %city\r\n%zone_name\r\n%country_name', 0, 'VEF', '58', NOW(), NOW()),
(230, 1, 'Viet Nam', '', 'VN', 'VNM', '%company\r\n%firstname %lastname\r\n%address1\r\n%address2\r\n%postcode %city\r\n%zone_name\r\n%country_name', 0, 'VND', '84', NOW(), NOW()),
(231, 1, 'Virgin Islands (British)', '', 'VG', 'VGB', '%company\r\n%firstname %lastname\r\n%address1\r\n%address2\r\n%postcode %city\r\n%zone_name\r\n%country_name', 0, 'USD', '128', NOW(), NOW()),
(232, 1, 'Virgin Islands (U.S.)', '', 'VI', 'VIR', '%company\r\n%firstname %lastname\r\n%address1\r\n%address2\r\n%postcode %city\r\n%zone_name\r\n%country_name', 0, 'USD', '134', NOW(), NOW()),
(233, 1, 'Wallis and Futuna Islands', '', 'WF', 'WLF', '%company\r\n%firstname %lastname\r\n%address1\r\n%address2\r\n%postcode %city\r\n%zone_name\r\n%country_name', 0, 'XPF', '681', NOW(), NOW()),
(234, 1, 'Western Sahara', '', 'EH', 'ESH', '%company\r\n%firstname %lastname\r\n%address1\r\n%address2\r\n%postcode %city\r\n%zone_name\r\n%country_name', 0, 'MAD', '212', NOW(), NOW()),
(235, 1, 'Yemen', '', 'YE', 'YEM', '%company\r\n%firstname %lastname\r\n%address1\r\n%address2\r\n%postcode %city\r\n%zone_name\r\n%country_name', 0, 'YER', '967', NOW(), NOW()),
(236, 1, 'Yugoslavia', '', 'YU', 'YUG', '%company\r\n%firstname %lastname\r\n%address1\r\n%address2\r\n%postcode %city\r\n%zone_name\r\n%country_name', 0, 'YUM', '381', NOW(), NOW()),
(237, 1, 'Democratic Republic of Congo', '', 'CD', 'COD', '%company\r\n%firstname %lastname\r\n%address1\r\n%address2\r\n%postcode %city\r\n%zone_name\r\n%country_name', 0, 'XAF', '243', NOW(), NOW()),
(238, 1, 'Zambia', '', 'ZM', 'ZMB', '%company\r\n%firstname %lastname\r\n%address1\r\n%address2\r\n%postcode %city\r\n%zone_name\r\n%country_name', 0, 'ZMW', '260', NOW(), NOW()),
(239, 1, 'Zimbabwe', '', 'ZW', 'ZWE', '%company\r\n%firstname %lastname\r\n%address1\r\n%address2\r\n%postcode %city\r\n%zone_name\r\n%country_name', 0, 'ZWD', '263', NOW(), NOW());
-- --------------------------------------------------------
INSERT INTO `lc_languages` (`status`, `code`, `name`, `locale`, `charset`, `raw_date`, `raw_time`, `raw_datetime`, `format_date`, `format_time`, `format_datetime`, `decimal_point`, `thousands_sep`, `priority`, `date_updated`, `date_created`) VALUES
(1, 'en', 'English', 'en_US.utf8,en_US.UTF-8,english', 'UTF-8', 'm/d/y', 'h:i:s A', 'm/d/y h:i:s A', '%b %e %Y', '%I:%M %p', '%b %e %Y %I:%M %p', '.', ',', 0, NOW(), NOW());
-- --------------------------------------------------------
INSERT INTO `lc_settings_groups` (`key`, `name`, `description`, `priority`) VALUES
('store_info', 'Store Info', 'Store information', 10),
('defaults', 'Defaults', 'Store default settings', 20),
('general', 'General', 'Store default settings', 30),
('listings', 'Listings', '', 40),
('checkout', 'Checkout', 'Checkout settings', 50),
('advanced', 'Advanced', 'Advanced settings', 50);
-- --------------------------------------------------------
INSERT INTO `lc_settings` (`setting_group_key`, `type`, `title`, `description`, `key`, `value`, `function`, `priority`, `date_updated`, `date_created`) VALUES
('store_info', 'global', 'Store Name', 'The name of your store.', 'store_name', '{STORE_NAME}', 'input()', 10, NOW(), NOW()),
('store_info', 'global', 'Store Email', 'The store e-mail address.', 'store_email', '{STORE_EMAIL}', 'input()', 11, NOW(), NOW()),
('store_info', 'local', 'Store Tax ID', 'The store tax ID or VATIN.', 'store_tax_id', 'XX000000000000', 'input()', 12, NOW(), NOW()),
('store_info', 'local', 'Store Postal Address', 'The store postal address.', 'store_postal_address', 'My Store\r\nStreet\r\nPostcode City\r\nCountry', 'bigtext()', 13, NOW(), NOW()),
('store_info', 'local', 'Store Visiting Address', 'The store visiting address if applicable.', 'store_visiting_address', '', 'bigtext()', 14, NOW(), NOW()),
('store_info', 'local', 'Store Phone Number', 'The store phone number.', 'store_phone', '+46 8-123 45 67', 'input()', 15, NOW(), NOW()),
('store_info', 'global', 'Store Country', 'The country of your store.', 'store_country_code', '{STORE_COUNTRY_CODE}', 'countries()', 16, NOW(), NOW()),
('store_info', 'global', 'Store Time Zone', 'The store time zone.', 'store_timezone', '{STORE_TIME_ZONE}', 'timezones()', 17, NOW(), NOW()),
('store_info', 'local', 'Store Language', 'The spoken language of your organization.', 'store_language_code', 'en', 'languages()', 18, NOW(), NOW()),
('store_info', 'global', 'Store Currency', 'The currency of which all prices conform to.', 'store_currency_code', 'USD', 'currencies()', 19, NOW(), NOW()),
('store_info', 'global', 'Store Zone', 'The zone of your store.', 'store_zone_code', '', 'zones()', 20, NOW(), NOW()),
('store_info', 'global', 'Store Weight Class', 'The preselected weight class.', 'store_weight_class', 'kg', 'weight_classes()', 21, NOW(), NOW()),
('store_info', 'global', 'Store Length Class', 'The preselected length class.', 'store_length_class', 'cm', 'length_classes()', 22, NOW(), NOW()),
('defaults', 'global', 'Default Language', 'The default language selected, if failed to identify.', 'default_language_code', 'en', 'languages()', 10, NOW(), NOW()),
('defaults', 'global', 'Default Currency', 'The default currency selected.', 'default_currency_code', 'USD', 'currencies()', 11, NOW(), NOW()),
('defaults', 'global', 'Default Country', 'The default country selected if not set otherwise.', 'default_country_code', '{STORE_COUNTRY_CODE}', 'countries()', 12, NOW(), NOW()),
('defaults', 'global', 'Default Zone', 'The default zone selected if not set otherwise.', 'default_zone_code', '', 'zones()', 13, NOW(), NOW()),
('defaults', 'local', 'Default Tax Class', 'Default tax class that will be preset when creating new products.', 'default_tax_class_id', '1', 'tax_classes()', 14, NOW(), NOW()),
('defaults', 'global', 'Default Display Prices Including Tax', 'Displays prices in including tax by default.', 'default_display_prices_including_tax', '1', 'toggle()', 15, NOW(), NOW()),
('general', 'global', 'Set Currency by Language', 'Chain select currency when changing language.', 'set_currency_by_language', '1', 'toggle()', 15, NOW(), NOW()),
('general', 'local', 'Contact Form CAPTCHA', 'Prevents spam by enabling CAPTCHA in the contact form.', 'contact_form_captcha_enabled', '1', 'toggle()', 16, NOW(), NOW()),
('listings', 'local', 'Items Per Page', 'The number of items to be displayed per page.', 'items_per_page', '20', 'int()', 10, NOW(), NOW()),
('listings', 'local', 'Data Table Rows', 'The number of data table rows per page.', 'data_table_rows_per_page', '15', 'input()', 11, NOW(), NOW()),
('listings', 'local', 'Display Stock Count', 'Show the available amounts of products in stock.', 'display_stock_count', '1', 'toggle()', 13, NOW(), NOW()),
('listings', 'local', 'Cheapest Shipping', 'Display the cheapest shipping cost on product page.', 'display_cheapest_shipping', '1', 'toggle()', 14, NOW(), NOW()),
('listings', 'local', 'Max Age for New Products', 'Display the new sticker for products younger than the give age. I.e. 1 month or 14 days', 'new_products_max_age', '1 month', 'input()', 14, NOW(), NOW()),
('checkout', 'local', 'Register Guests', 'Automatically create accounts for all guests.', 'register_guests', '0', 'toggle()', 10, NOW(), NOW()),
('checkout', 'local', 'Password Field', 'If Register Guests is enabled, show the password field letting customers set their own password. Otherwise randomly generated.', 'fields_customer_password', '0', 'toggle()', 11, NOW(), NOW()),
('checkout', 'local', 'Order Copy Receipients', 'Send order copies to the following e-mail addresses. Separate by semi-colons.', 'email_order_copy', '{STORE_EMAIL}', 'mediumtext()', 12, NOW(), NOW()),
('advanced', 'global', 'Clear SEO Links Cache', 'Remove all cached SEO links from database.', 'cache_clear_seo_links', '0', 'toggle()', 10, NOW(), NOW()),
('advanced', 'global', 'Clear Thumbnails Cache', 'Remove all cached image thumnbnails from disk.', 'cache_clear_thumbnails', '0', 'toggle()', 11, NOW(), NOW()),
('advanced', 'global', 'SEO Links Language Prefix', 'Begins the SEO links with the language code i.e. /en/....', 'seo_links_language_prefix', '1', 'toggle()', 12, NOW(), NOW()),
('advanced', 'global', 'Regional Settings Screen', 'Enables the regional settings screen upon first visit.', 'regional_settings_screen_enabled', '1', 'toggle()', 13, NOW(), NOW()),
('advanced', 'global', 'Jobs Last Run', 'Time when background jobs where last executed.', 'jobs_last_run', NOW(), 'input()', 14, NOW(), NOW()),
('advanced', 'global', 'GZIP Enabled', 'Compresses browser data. Increases the load on the server but decreases the bandwidth.', 'gzip_enabled', '0', 'toggle()', 15, NOW(), NOW()),
('advanced', 'global', 'System Cache Enabled', 'Enables the system cache module which caches frequently used data.', 'cache_enabled', '1', 'toggle()', 16, NOW(), NOW()),
('advanced', 'local', 'Jobs Interval', 'The amount of minutes between each execution of jobs.', 'jobs_interval', '60', 'int()', 17, NOW(), NOW()),
('advanced', 'local', 'Database Admin Link', 'The URL to your database manager i.e. phpMyAdmin.', 'database_admin_link', '?app=settings&doc=advanced&action=edit&key=database_admin_link', 'input()', 18, NOW(), NOW()),
('advanced', 'local', 'Webmail Link', 'The URL to your webmail client.', 'webmail_link', '?app=settings&doc=advanced&action=edit&key=webmail_link', 'input()', 19, NOW(), NOW()),
('advanced', 'global', 'SEO Links Enabled', 'Enabling this requires .htaccess and mod_rewrite rules.', 'seo_links_enabled', '1', 'toggle()', 20, NOW(), NOW()),
('', 'global', 'Catalog Template', '', 'store_template_catalog', 'default.catalog', 'templates("catalog")', 0, NOW(), NOW()),
('', 'global', 'Admin Template', '', 'store_template_admin', 'default.admin', 'templates("admin")', 0, NOW(), NOW()),
('', 'global', 'Catalog Template Settings', '', 'store_template_catalog_settings', '', '', 0, NOW(), NOW()),
('', 'local', 'Installed Job Modules', '', 'jobs_modules', '', '', 0, NOW(), NOW()),
('', 'local', 'Installed Shipping Modules', '', 'shipping_modules', '', '', 0, NOW(), NOW()),
('', 'local', 'Installed Payment Modules', '', 'payment_modules', '', '', 0, NOW(), NOW()),
('', 'local', 'Installed Order Action Modules', '', 'order_action_modules', '', '', 0, NOW(), NOW()),
('', 'local', 'Installed Order Total Modules', '', 'order_total_modules', 'ot_subtotal;ot_payment_fee;ot_shipping_fee', '', 0, NOW(), NOW()),
('', 'local', 'Installed Customer Modules', '', 'customer_modules', '', '', 0, NOW(), NOW()),
('', 'local', 'Installed Order Success Modules', '', 'order_success_modules', '', '', 0, NOW(), NOW()),
('', 'local', '', '', 'order_total_module_ot_payment_fee', 'a:1:{s:10:"sort_order";s:2:"10";}', '', 0, NOW(), NOW()),
('', 'local', '', '', 'order_total_module_ot_shipping_fee', 'a:1:{s:10:"sort_order";s:2:"10";}', '', 0, NOW(), NOW()),
('', 'local', '', '', 'order_total_module_ot_subtotal', 'a:1:{s:10:"sort_order";s:1:"1";}', '', 0, NOW(), NOW()),
('', 'local', 'Date Cache Cleared', 'Do not use system cache older than breakpoint.', 'cache_system_breakpoint', NOW(), 'input()', 0, NOW(), NOW());
-- --------------------------------------------------------
INSERT INTO `lc_currencies` (`status`, `code`, `name`, `value`, `decimals`, `prefix`, `suffix`, `priority`, `date_updated`, `date_created`) VALUES
(1, 'USD', 'US Dollars', 1, 2, '$', '', 0, NOW(), NOW()),
(1, 'EUR', 'Euros', 0.726, 2, '', ' ', 0, NOW(), NOW());
-- --------------------------------------------------------
INSERT INTO `lc_order_statuses` (`id`, `is_sale`, `priority`, `date_updated`, `date_created`) VALUES
(1, 0, 1, NOW(), NOW()),
(2, 1, 2, NOW(), NOW()),
(3, 1, 3, NOW(), NOW()),
(4, 1, 4, NOW(), NOW()),
(5, 0, 5, NOW(), NOW());
-- --------------------------------------------------------
INSERT INTO `lc_order_statuses_info` (`id`, `order_status_id`, `language_code`, `name`, `description`) VALUES
(1, 1, 'en', 'Awaiting payment', ''),
(2, 2, 'en', 'Pending', ''),
(3, 3, 'en', 'Processing', ''),
(4, 4, 'en', 'Completed', ''),
(5, 5, 'en', 'Cancelled', '');
